order_id,commodity,seller_type,buyer_type,location,state,quantity,unit,listed_price_per_unit,negotiated_price_per_unit,final_price_per_unit,order_date,order_status,fulfillment_days,delivery_outcome,platform_fee_inr
ORD-SYNTH-1000,Wheat,FARMER,WHOLESALER,Nashik,Maharashtra,4026.97,KG,25.33,23.54,23.54,2025-01-01,COMPLETED,3,DELIVERED_ON_TIME,1895.9
ORD-SYNTH-1001,Tomato,FARMER,BULK_PROCESSOR,Hubballi,Karnataka,2165.54,KG,29.7,28.82,28.82,2025-01-01,COMPLETED,3,DELIVERED_ON_TIME,1248.22
ORD-SYNTH-1002,Onion,FARMER,RETAILER,Nashik,Maharashtra,1746.71,KG,31.69,30.95,30.95,2025-01-02,COMPLETED,1,DELIVERED_LATE,1081.21
ORD-SYNTH-1003,Potato,FPO,RETAILER,Pune,Maharashtra,641.79,KG,24.49,23.98,23.98,2025-01-02,COMPLETED,4,DELIVERED_ON_TIME,307.8
ORD-SYNTH-1004,Rice,FPO,WHOLESALER,Hubballi,Karnataka,3371.6,KG,63.25,63.02,63.02,2025-01-03,COMPLETED,1,DELIVERED_ON_TIME,4249.56
ORD-SYNTH-1005,Wheat,FPO,BULK_PROCESSOR,Nashik,Maharashtra,1232.11,KG,27.05,25.78,25.78,2025-01-03,COMPLETED,3,DELIVERED_ON_TIME,635.28
ORD-SYNTH-1006,Tomato,FARMER,BULK_PROCESSOR,Hubballi,Karnataka,2514.5,KG,28.87,28.57,28.57,2025-01-04,COMPLETED,2,DELIVERED_ON_TIME,1436.79
ORD-SYNTH-1007,Onion,FPO,BULK_PROCESSOR,Nashik,Maharashtra,2597.71,KG,33.75,31.06,31.06,2025-01-04,COMPLETED,2,DELIVERED_ON_TIME,1613.7
ORD-SYNTH-1008,Potato,FARMER,RETAILER,Pune,Maharashtra,978.33,KG,23.97,23.36,23.36,2025-01-05,COMPLETED,5,DELIVERED_ON_TIME,457.08
ORD-SYNTH-1009,Rice,FPO,BULK_PROCESSOR,Hubballi,Karnataka,1181.01,KG,57.54,55.76,55.76,2025-01-05,COMPLETED,1,DELIVERED_ON_TIME,1317.06
ORD-SYNTH-1010,Wheat,FPO,RETAILER,Nashik,Maharashtra,4582.91,KG,26.6,26.41,26.41,2025-01-06,COMPLETED,3,DELIVERED_ON_TIME,2420.69
ORD-SYNTH-1011,Tomato,FARMER,BULK_PROCESSOR,Hubballi,Karnataka,3260.62,KG,27.65,27.62,27.62,2025-01-06,COMPLETED,2,DELIVERED_ON_TIME,1801.17
ORD-SYNTH-1012,Onion,FPO,BULK_PROCESSOR,Nashik,Maharashtra,1420.78,KG,36.15,34.71,34.71,2025-01-07,COMPLETED,1,DELIVERED_ON_TIME,986.31
ORD-SYNTH-1013,Potato,FPO,WHOLESALER,Pune,Maharashtra,1155.88,KG,22.25,22.2,22.2,2025-01-07,COMPLETED,2,DELIVERED_ON_TIME,513.21
ORD-SYNTH-1014,Rice,FPO,WHOLESALER,Hubballi,Karnataka,2524.26,KG,60.37,59.73,59.73,2025-01-08,COMPLETED,2,DELIVERED_ON_TIME,3015.48
ORD-SYNTH-1015,Wheat,FPO,BULK_PROCESSOR,Nashik,Maharashtra,974.64,KG,27.48,27.18,27.18,2025-01-08,COMPLETED,3,DELIVERED_ON_TIME,529.81
ORD-SYNTH-1016,Tomato,FPO,RETAILER,Hubballi,Karnataka,1212.59,KG,26.8,25.12,25.12,2025-01-09,CANCELLED,3,CANCELLED,609.21
ORD-SYNTH-1017,Onion,FARMER,RETAILER,Nashik,Maharashtra,1553.0,KG,31.81,29.73,29.73,2025-01-09,COMPLETED,3,DELIVERED_ON_TIME,923.41
ORD-SYNTH-1018,Potato,FPO,WHOLESALER,Pune,Maharashtra,4629.47,KG,22.79,21.17,21.17,2025-01-10,COMPLETED,1,DELIVERED_ON_TIME,1960.12
ORD-SYNTH-1019,Rice,FARMER,RETAILER,Hubballi,Karnataka,4615.44,KG,60.52,57.63,57.63,2025-01-10,COMPLETED,2,DELIVERED_ON_TIME,5319.76
ORD-SYNTH-1020,Wheat,FPO,BULK_PROCESSOR,Nashik,Maharashtra,1595.44,KG,25.21,23.22,23.22,2025-01-11,COMPLETED,2,DELIVERED_LATE,740.92
ORD-SYNTH-1021,Tomato,FARMER,RETAILER,Hubballi,Karnataka,795.68,KG,26.91,25.89,25.89,2025-01-11,COMPLETED,2,DELIVERED_ON_TIME,412.0
ORD-SYNTH-1022,Onion,FPO,RETAILER,Nashik,Maharashtra,2845.77,KG,31.27,29.98,29.98,2025-01-12,COMPLETED,3,DELIVERED_LATE,1706.32
ORD-SYNTH-1023,Potato,FPO,BULK_PROCESSOR,Pune,Maharashtra,1453.54,KG,21.86,21.41,21.41,2025-01-12,COMPLETED,2,DELIVERED_ON_TIME,622.41
ORD-SYNTH-1024,Rice,FPO,RETAILER,Hubballi,Karnataka,1825.88,KG,56.65,55.23,55.23,2025-01-13,COMPLETED,4,DELIVERED_ON_TIME,2016.87
ORD-SYNTH-1025,Wheat,FARMER,BULK_PROCESSOR,Nashik,Maharashtra,1893.06,KG,23.62,22.07,22.07,2025-01-13,CANCELLED,3,CANCELLED,835.6
ORD-SYNTH-1026,Tomato,FPO,BULK_PROCESSOR,Hubballi,Karnataka,697.79,KG,31.18,30.63,30.63,2025-01-14,COMPLETED,5,DELIVERED_ON_TIME,427.47
ORD-SYNTH-1027,Onion,FARMER,RETAILER,Nashik,Maharashtra,662.47,KG,34.87,34.63,34.63,2025-01-14,COMPLETED,2,DELIVERED_ON_TIME,458.83
ORD-SYNTH-1028,Potato,FARMER,RETAILER,Pune,Maharashtra,4126.18,KG,25.09,23.22,23.22,2025-01-15,COMPLETED,1,DELIVERED_ON_TIME,1916.2
ORD-SYNTH-1029,Rice,FARMER,RETAILER,Hubballi,Karnataka,1393.91,KG,52.27,50.57,50.57,2025-01-15,COMPLETED,3,DELIVERED_ON_TIME,1409.8
ORD-SYNTH-1030,Wheat,FARMER,BULK_PROCESSOR,Nashik,Maharashtra,2607.84,KG,27.39,27.0,27.0,2025-01-16,COMPLETED,2,DELIVERED_LATE,1408.23
ORD-SYNTH-1031,Tomato,FARMER,WHOLESALER,Hubballi,Karnataka,2735.44,KG,28.01,26.95,26.95,2025-01-16,CANCELLED,2,CANCELLED,1474.4
ORD-SYNTH-1032,Onion,FPO,BULK_PROCESSOR,Nashik,Maharashtra,1550.85,KG,31.81,30.69,30.69,2025-01-17,COMPLETED,2,DELIVERED_ON_TIME,951.91
ORD-SYNTH-1033,Potato,FARMER,BULK_PROCESSOR,Pune,Maharashtra,479.65,KG,23.1,21.93,21.93,2025-01-17,COMPLETED,3,DELIVERED_ON_TIME,210.37
ORD-SYNTH-1034,Rice,FPO,BULK_PROCESSOR,Hubballi,Karnataka,3436.72,KG,52.7,48.84,48.84,2025-01-18,COMPLETED,3,DELIVERED_ON_TIME,3356.99
ORD-SYNTH-1035,Wheat,FPO,WHOLESALER,Nashik,Maharashtra,1530.17,KG,24.1,22.71,22.71,2025-01-18,COMPLETED,1,DELIVERED_ON_TIME,695.0
ORD-SYNTH-1036,Tomato,FPO,WHOLESALER,Hubballi,Karnataka,3719.54,KG,31.32,29.08,29.08,2025-01-19,COMPLETED,2,DELIVERED_ON_TIME,2163.28
ORD-SYNTH-1037,Onion,FPO,RETAILER,Nashik,Maharashtra,4776.75,KG,31.62,31.46,31.46,2025-01-19,COMPLETED,2,DELIVERED_ON_TIME,3005.53
ORD-SYNTH-1038,Potato,FPO,RETAILER,Pune,Maharashtra,1750.54,KG,22.31,22.01,22.01,2025-01-20,COMPLETED,2,DELIVERED_ON_TIME,770.59
ORD-SYNTH-1039,Rice,FPO,BULK_PROCESSOR,Hubballi,Karnataka,953.47,KG,55.2,52.33,52.33,2025-01-20,COMPLETED,3,DELIVERED_ON_TIME,997.9
ORD-SYNTH-1040,Wheat,FARMER,WHOLESALER,Nashik,Maharashtra,240.12,KG,25.58,24.75,24.75,2025-01-21,COMPLETED,2,DELIVERED_ON_TIME,118.86
ORD-SYNTH-1041,Tomato,FARMER,BULK_PROCESSOR,Hubballi,Karnataka,1048.52,KG,26.83,25.41,25.41,2025-01-21,COMPLETED,2,DELIVERED_ON_TIME,532.86
ORD-SYNTH-1042,Onion,FPO,WHOLESALER,Nashik,Maharashtra,2496.17,KG,31.9,30.82,30.82,2025-01-22,COMPLETED,1,DELIVERED_ON_TIME,1538.64
ORD-SYNTH-1043,Potato,FPO,RETAILER,Pune,Maharashtra,2161.44,KG,23.44,22.11,22.11,2025-01-22,COMPLETED,1,DELIVERED_ON_TIME,955.79
ORD-SYNTH-1044,Rice,FARMER,WHOLESALER,Hubballi,Karnataka,590.62,KG,56.84,55.83,55.83,2025-01-23,COMPLETED,5,DELIVERED_ON_TIME,659.49
ORD-SYNTH-1045,Wheat,FPO,RETAILER,Nashik,Maharashtra,2959.79,KG,26.68,24.98,24.98,2025-01-23,COMPLETED,4,DELIVERED_LATE,1478.71
ORD-SYNTH-1046,Tomato,FARMER,RETAILER,Hubballi,Karnataka,2153.04,KG,31.24,29.45,29.45,2025-01-24,CANCELLED,1,CANCELLED,1268.14
ORD-SYNTH-1047,Onion,FPO,BULK_PROCESSOR,Nashik,Maharashtra,2802.12,KG,32.42,32.36,32.36,2025-01-24,COMPLETED,1,DELIVERED_ON_TIME,1813.53
ORD-SYNTH-1048,Potato,FARMER,WHOLESALER,Pune,Maharashtra,3975.33,KG,21.0,19.54,19.54,2025-01-25,COMPLETED,2,DELIVERED_ON_TIME,1553.56
ORD-SYNTH-1049,Rice,FPO,WHOLESALER,Hubballi,Karnataka,2027.32,KG,55.39,51.5,51.5,2025-01-25,COMPLETED,4,DELIVERED_LATE,2088.14
ORD-SYNTH-1050,Wheat,FPO,BULK_PROCESSOR,Nashik,Maharashtra,295.11,KG,24.51,23.18,23.18,2025-01-26,COMPLETED,4,DELIVERED_LATE,136.81
ORD-SYNTH-1051,Tomato,FARMER,WHOLESALER,Hubballi,Karnataka,1531.07,KG,28.33,26.89,26.89,2025-01-26,COMPLETED,2,DELIVERED_ON_TIME,823.41
ORD-SYNTH-1052,Onion,FPO,BULK_PROCESSOR,Nashik,Maharashtra,1139.62,KG,34.81,32.25,32.25,2025-01-27,COMPLETED,2,DELIVERED_ON_TIME,735.05
ORD-SYNTH-1053,Potato,FARMER,BULK_PROCESSOR,Pune,Maharashtra,304.83,KG,22.16,22.13,22.13,2025-01-27,COMPLETED,3,DELIVERED_ON_TIME,134.92
ORD-SYNTH-1054,Rice,FARMER,RETAILER,Hubballi,Karnataka,610.19,KG,59.17,58.29,58.29,2025-01-28,COMPLETED,2,DELIVERED_ON_TIME,711.36
ORD-SYNTH-1055,Wheat,FARMER,BULK_PROCESSOR,Nashik,Maharashtra,98.23,KG,23.35,23.13,23.13,2025-01-28,COMPLETED,2,DELIVERED_ON_TIME,45.44
ORD-SYNTH-1056,Tomato,FARMER,RETAILER,Hubballi,Karnataka,3542.15,KG,26.64,24.54,24.54,2025-01-29,COMPLETED,2,DELIVERED_ON_TIME,1738.49
ORD-SYNTH-1057,Onion,FPO,WHOLESALER,Nashik,Maharashtra,2931.44,KG,32.43,31.06,31.06,2025-01-29,COMPLETED,3,DELIVERED_ON_TIME,1821.01
ORD-SYNTH-1058,Potato,FARMER,WHOLESALER,Pune,Maharashtra,3334.75,KG,24.28,22.5,22.5,2025-01-30,COMPLETED,1,DELIVERED_ON_TIME,1500.64
ORD-SYNTH-1059,Rice,FARMER,RETAILER,Hubballi,Karnataka,1078.75,KG,62.4,57.62,57.62,2025-01-30,COMPLETED,2,DELIVERED_ON_TIME,1243.15
ORD-SYNTH-1060,Wheat,FPO,RETAILER,Nashik,Maharashtra,542.88,KG,25.96,25.12,25.12,2025-01-31,COMPLETED,4,DELIVERED_ON_TIME,272.74
ORD-SYNTH-1061,Tomato,FARMER,RETAILER,Hubballi,Karnataka,3010.96,KG,30.79,29.69,29.69,2025-01-31,COMPLETED,3,DELIVERED_ON_TIME,1787.91
ORD-SYNTH-1062,Onion,FARMER,WHOLESALER,Nashik,Maharashtra,2959.0,KG,30.79,30.3,30.3,2025-02-01,COMPLETED,2,DELIVERED_ON_TIME,1793.15
ORD-SYNTH-1063,Potato,FPO,RETAILER,Pune,Maharashtra,4854.11,KG,21.49,21.07,21.07,2025-02-01,COMPLETED,3,DELIVERED_ON_TIME,2045.52
ORD-SYNTH-1064,Rice,FPO,RETAILER,Hubballi,Karnataka,1890.13,KG,57.78,54.9,54.9,2025-02-02,COMPLETED,3,DELIVERED_ON_TIME,2075.36
ORD-SYNTH-1065,Wheat,FPO,RETAILER,Nashik,Maharashtra,1752.71,KG,22.86,21.47,21.47,2025-02-02,COMPLETED,2,DELIVERED_ON_TIME,752.61
ORD-SYNTH-1066,Tomato,FARMER,BULK_PROCESSOR,Hubballi,Karnataka,3636.38,KG,27.66,26.54,26.54,2025-02-03,COMPLETED,2,DELIVERED_ON_TIME,1930.19
ORD-SYNTH-1067,Onion,FPO,RETAILER,Nashik,Maharashtra,2769.77,KG,33.43,32.25,32.25,2025-02-03,COMPLETED,2,DELIVERED_ON_TIME,1786.5
ORD-SYNTH-1068,Potato,FARMER,WHOLESALER,Pune,Maharashtra,81.57,KG,20.91,19.81,19.81,2025-02-04,COMPLETED,1,DELIVERED_ON_TIME,32.32
ORD-SYNTH-1069,Rice,FARMER,RETAILER,Hubballi,Karnataka,2960.36,KG,55.7,52.06,52.06,2025-02-04,COMPLETED,4,DELIVERED_ON_TIME,3082.33
ORD-SYNTH-1070,Wheat,FPO,WHOLESALER,Nashik,Maharashtra,3147.53,KG,25.95,23.97,23.97,2025-02-05,COMPLETED,2,DELIVERED_ON_TIME,1508.93
ORD-SYNTH-1071,Tomato,FPO,RETAILER,Hubballi,Karnataka,4132.32,KG,29.65,28.46,28.46,2025-02-05,COMPLETED,2,DELIVERED_ON_TIME,2352.12
ORD-SYNTH-1072,Onion,FPO,RETAILER,Nashik,Maharashtra,1770.4,KG,34.53,33.81,33.81,2025-02-06,COMPLETED,3,DELIVERED_ON_TIME,1197.14
ORD-SYNTH-1073,Potato,FPO,WHOLESALER,Pune,Maharashtra,1355.23,KG,24.81,24.22,24.22,2025-02-06,COMPLETED,2,DELIVERED_ON_TIME,656.47
ORD-SYNTH-1074,Rice,FPO,BULK_PROCESSOR,Hubballi,Karnataka,3873.33,KG,53.67,50.61,50.61,2025-02-07,COMPLETED,2,DELIVERED_ON_TIME,3920.58
ORD-SYNTH-1075,Wheat,FARMER,RETAILER,Nashik,Maharashtra,635.01,KG,26.44,24.66,24.66,2025-02-07,COMPLETED,3,DELIVERED_LATE,313.19
ORD-SYNTH-1076,Tomato,FARMER,RETAILER,Hubballi,Karnataka,2174.9,KG,28.07,26.99,26.99,2025-02-08,COMPLETED,2,DELIVERED_ON_TIME,1174.01
ORD-SYNTH-1077,Onion,FARMER,BULK_PROCESSOR,Nashik,Maharashtra,4845.64,KG,33.03,30.95,30.95,2025-02-08,COMPLETED,3,DELIVERED_ON_TIME,2999.45
ORD-SYNTH-1078,Potato,FARMER,BULK_PROCESSOR,Pune,Maharashtra,4450.02,KG,22.9,22.79,22.79,2025-02-09,COMPLETED,1,DELIVERED_ON_TIME,2028.32
ORD-SYNTH-1079,Rice,FPO,BULK_PROCESSOR,Hubballi,Karnataka,877.24,KG,62.3,61.23,61.23,2025-02-09,COMPLETED,2,DELIVERED_ON_TIME,1074.27
ORD-SYNTH-1080,Wheat,FARMER,BULK_PROCESSOR,Nashik,Maharashtra,4396.7,KG,23.57,23.02,23.02,2025-02-10,COMPLETED,3,DELIVERED_ON_TIME,2024.24
ORD-SYNTH-1081,Tomato,FPO,RETAILER,Hubballi,Karnataka,2815.23,KG,32.14,30.52,30.52,2025-02-10,COMPLETED,3,DELIVERED_ON_TIME,1718.42
ORD-SYNTH-1082,Onion,FPO,BULK_PROCESSOR,Nashik,Maharashtra,2525.73,KG,34.65,33.7,33.7,2025-02-11,COMPLETED,4,DELIVERED_ON_TIME,1702.34
ORD-SYNTH-1083,Potato,FARMER,WHOLESALER,Pune,Maharashtra,203.91,KG,22.33,21.2,21.2,2025-02-11,COMPLETED,1,DELIVERED_ON_TIME,86.46
ORD-SYNTH-1084,Rice,FARMER,BULK_PROCESSOR,Hubballi,Karnataka,847.7,KG,52.61,48.55,48.55,2025-02-12,COMPLETED,2,DELIVERED_ON_TIME,823.12
ORD-SYNTH-1085,Wheat,FPO,BULK_PROCESSOR,Nashik,Maharashtra,814.35,KG,27.38,26.21,26.21,2025-02-12,COMPLETED,3,DELIVERED_ON_TIME,426.88
ORD-SYNTH-1086,Tomato,FARMER,RETAILER,Hubballi,Karnataka,165.41,KG,30.69,29.43,29.43,2025-02-13,COMPLETED,2,DELIVERED_ON_TIME,97.36
ORD-SYNTH-1087,Onion,FARMER,BULK_PROCESSOR,Nashik,Maharashtra,744.29,KG,34.29,31.57,31.57,2025-02-13,COMPLETED,2,DELIVERED_ON_TIME,469.94
ORD-SYNTH-1088,Potato,FARMER,RETAILER,Pune,Maharashtra,1960.49,KG,21.42,19.79,19.79,2025-02-14,COMPLETED,5,DELIVERED_ON_TIME,775.96
ORD-SYNTH-1089,Rice,FARMER,BULK_PROCESSOR,Hubballi,Karnataka,1216.14,KG,53.68,49.57,49.57,2025-02-14,COMPLETED,3,DELIVERED_ON_TIME,1205.68
ORD-SYNTH-1090,Wheat,FPO,WHOLESALER,Nashik,Maharashtra,1307.01,KG,24.51,24.23,24.23,2025-02-15,COMPLETED,2,DELIVERED_ON_TIME,633.38
ORD-SYNTH-1091,Tomato,FARMER,RETAILER,Hubballi,Karnataka,553.31,KG,29.62,29.23,29.23,2025-02-15,COMPLETED,2,DELIVERED_ON_TIME,323.47
ORD-SYNTH-1092,Onion,FPO,WHOLESALER,Nashik,Maharashtra,3739.52,KG,30.78,29.11,29.11,2025-02-16,COMPLETED,5,DELIVERED_ON_TIME,2177.15
ORD-SYNTH-1093,Potato,FPO,BULK_PROCESSOR,Pune,Maharashtra,91.38,KG,22.78,21.76,21.76,2025-02-16,COMPLETED,3,DELIVERED_ON_TIME,39.77
ORD-SYNTH-1094,Rice,FARMER,RETAILER,Hubballi,Karnataka,966.19,KG,62.08,60.83,60.83,2025-02-17,COMPLETED,2,DELIVERED_ON_TIME,1175.47
ORD-SYNTH-1095,Wheat,FARMER,RETAILER,Nashik,Maharashtra,2699.87,KG,25.1,23.73,23.73,2025-02-17,COMPLETED,1,DELIVERED_LATE,1281.36
ORD-SYNTH-1096,Tomato,FPO,RETAILER,Hubballi,Karnataka,1574.73,KG,31.74,31.36,31.36,2025-02-18,COMPLETED,2,DELIVERED_ON_TIME,987.67
ORD-SYNTH-1097,Onion,FARMER,BULK_PROCESSOR,Nashik,Maharashtra,2505.93,KG,35.94,33.92,33.92,2025-02-18,COMPLETED,1,DELIVERED_ON_TIME,1700.02
ORD-SYNTH-1098,Potato,FARMER,BULK_PROCESSOR,Pune,Maharashtra,4132.69,KG,23.25,21.55,21.55,2025-02-19,COMPLETED,1,DELIVERED_ON_TIME,1781.19
ORD-SYNTH-1099,Rice,FPO,BULK_PROCESSOR,Hubballi,Karnataka,471.59,KG,54.48,50.33,50.33,2025-02-19,COMPLETED,1,DELIVERED_LATE,474.7
ORD-SYNTH-1100,Wheat,FARMER,WHOLESALER,Nashik,Maharashtra,4996.63,KG,26.14,24.74,24.74,2025-02-20,COMPLETED,1,DELIVERED_ON_TIME,2472.33
ORD-SYNTH-1101,Tomato,FPO,BULK_PROCESSOR,Hubballi,Karnataka,2008.78,KG,28.79,28.25,28.25,2025-02-20,COMPLETED,2,DELIVERED_ON_TIME,1134.96
ORD-SYNTH-1102,Onion,FPO,RETAILER,Nashik,Maharashtra,2305.18,KG,36.27,35.33,35.33,2025-02-21,COMPLETED,1,DELIVERED_ON_TIME,1628.84
ORD-SYNTH-1103,Potato,FARMER,BULK_PROCESSOR,Pune,Maharashtra,3666.28,KG,25.0,24.75,24.75,2025-02-21,COMPLETED,4,DELIVERED_ON_TIME,1814.81
ORD-SYNTH-1104,Rice,FPO,WHOLESALER,Hubballi,Karnataka,4859.35,KG,60.38,55.87,55.87,2025-02-22,COMPLETED,4,DELIVERED_ON_TIME,5429.84
ORD-SYNTH-1105,Wheat,FPO,RETAILER,Nashik,Maharashtra,4553.02,KG,26.41,24.87,24.87,2025-02-22,COMPLETED,2,DELIVERED_ON_TIME,2264.67
ORD-SYNTH-1106,Tomato,FARMER,WHOLESALER,Hubballi,Karnataka,72.43,KG,32.02,30.73,30.73,2025-02-23,COMPLETED,3,DELIVERED_ON_TIME,44.52
ORD-SYNTH-1107,Onion,FARMER,WHOLESALER,Nashik,Maharashtra,2074.61,KG,32.61,31.33,31.33,2025-02-23,COMPLETED,3,DELIVERED_ON_TIME,1299.95
ORD-SYNTH-1108,Potato,FPO,WHOLESALER,Pune,Maharashtra,3279.34,KG,20.99,20.91,20.91,2025-02-24,COMPLETED,2,DELIVERED_ON_TIME,1371.42
ORD-SYNTH-1109,Rice,FPO,BULK_PROCESSOR,Hubballi,Karnataka,3967.2,KG,58.94,54.78,54.78,2025-02-24,COMPLETED,3,DELIVERED_ON_TIME,4346.46
ORD-SYNTH-1110,Wheat,FARMER,RETAILER,Nashik,Maharashtra,379.78,KG,25.75,24.44,24.44,2025-02-25,COMPLETED,2,DELIVERED_ON_TIME,185.64
ORD-SYNTH-1111,Tomato,FPO,RETAILER,Hubballi,Karnataka,3601.37,KG,31.31,29.52,29.52,2025-02-25,COMPLETED,4,DELIVERED_ON_TIME,2126.25
ORD-SYNTH-1112,Onion,FPO,WHOLESALER,Nashik,Maharashtra,4631.9,KG,31.02,28.8,28.8,2025-02-26,COMPLETED,2,DELIVERED_ON_TIME,2667.97
ORD-SYNTH-1113,Potato,FPO,RETAILER,Pune,Maharashtra,4852.34,KG,24.18,23.72,23.72,2025-02-26,COMPLETED,1,DELIVERED_ON_TIME,2301.95
ORD-SYNTH-1114,Rice,FARMER,RETAILER,Hubballi,Karnataka,3372.13,KG,59.91,59.11,59.11,2025-02-27,COMPLETED,2,DELIVERED_ON_TIME,3986.53
ORD-SYNTH-1115,Wheat,FPO,WHOLESALER,Nashik,Maharashtra,3814.82,KG,23.27,22.58,22.58,2025-02-27,COMPLETED,1,DELIVERED_ON_TIME,1722.77
ORD-SYNTH-1116,Tomato,FARMER,RETAILER,Hubballi,Karnataka,304.53,KG,31.63,29.45,29.45,2025-02-28,COMPLETED,2,DELIVERED_ON_TIME,179.37
ORD-SYNTH-1117,Onion,FARMER,WHOLESALER,Nashik,Maharashtra,4965.18,KG,31.58,29.73,29.73,2025-02-28,COMPLETED,3,DELIVERED_ON_TIME,2952.3
ORD-SYNTH-1118,Potato,FARMER,BULK_PROCESSOR,Pune,Maharashtra,1208.54,KG,22.85,21.35,21.35,2025-03-01,COMPLETED,2,DELIVERED_ON_TIME,516.05
ORD-SYNTH-1119,Rice,FARMER,RETAILER,Hubballi,Karnataka,3573.99,KG,56.65,55.97,55.97,2025-03-01,COMPLETED,2,DELIVERED_ON_TIME,4000.72
ORD-SYNTH-1120,Wheat,FPO,WHOLESALER,Nashik,Maharashtra,4101.68,KG,23.25,22.65,22.65,2025-03-02,COMPLETED,1,DELIVERED_LATE,1858.06
ORD-SYNTH-1121,Tomato,FPO,BULK_PROCESSOR,Hubballi,Karnataka,1818.06,KG,30.19,29.03,29.03,2025-03-02,COMPLETED,2,DELIVERED_ON_TIME,1055.57
ORD-SYNTH-1122,Onion,FARMER,RETAILER,Nashik,Maharashtra,2571.04,KG,31.98,30.66,30.66,2025-03-03,COMPLETED,1,DELIVERED_ON_TIME,1576.56
ORD-SYNTH-1123,Potato,FARMER,BULK_PROCESSOR,Pune,Maharashtra,4447.47,KG,24.58,22.97,22.97,2025-03-03,COMPLETED,3,DELIVERED_ON_TIME,2043.17
ORD-SYNTH-1124,Rice,FPO,RETAILER,Hubballi,Karnataka,3569.26,KG,52.8,52.44,52.44,2025-03-04,COMPLETED,3,DELIVERED_ON_TIME,3743.44
ORD-SYNTH-1125,Wheat,FPO,RETAILER,Nashik,Maharashtra,3295.92,KG,23.95,23.43,23.43,2025-03-04,COMPLETED,1,DELIVERED_ON_TIME,1544.47
ORD-SYNTH-1126,Tomato,FARMER,BULK_PROCESSOR,Hubballi,Karnataka,2674.56,KG,31.7,30.35,30.35,2025-03-05,COMPLETED,1,DELIVERED_ON_TIME,1623.46
ORD-SYNTH-1127,Onion,FPO,RETAILER,Nashik,Maharashtra,481.22,KG,35.76,34.08,34.08,2025-03-05,COMPLETED,1,DELIVERED_ON_TIME,328.0
ORD-SYNTH-1128,Potato,FARMER,BULK_PROCESSOR,Pune,Maharashtra,3604.27,KG,23.77,23.11,23.11,2025-03-06,COMPLETED,3,DELIVERED_ON_TIME,1665.89
ORD-SYNTH-1129,Rice,FARMER,BULK_PROCESSOR,Hubballi,Karnataka,2112.15,KG,59.75,59.23,59.23,2025-03-06,COMPLETED,2,DELIVERED_ON_TIME,2502.05
ORD-SYNTH-1130,Wheat,FPO,BULK_PROCESSOR,Nashik,Maharashtra,4773.56,KG,24.97,24.5,24.5,2025-03-07,COMPLETED,2,DELIVERED_ON_TIME,2339.04
ORD-SYNTH-1131,Tomato,FARMER,RETAILER,Hubballi,Karnataka,2708.59,KG,26.79,26.12,26.12,2025-03-07,CANCELLED,2,CANCELLED,1414.97
ORD-SYNTH-1132,Onion,FPO,BULK_PROCESSOR,Nashik,Maharashtra,302.16,KG,35.93,35.7,35.7,2025-03-08,COMPLETED,1,DELIVERED_ON_TIME,215.74
ORD-SYNTH-1133,Potato,FARMER,WHOLESALER,Pune,Maharashtra,3135.3,KG,21.57,20.9,20.9,2025-03-08,COMPLETED,1,DELIVERED_ON_TIME,1310.56
ORD-SYNTH-1134,Rice,FPO,RETAILER,Hubballi,Karnataka,3615.75,KG,59.44,58.89,58.89,2025-03-09,COMPLETED,3,DELIVERED_ON_TIME,4258.63
ORD-SYNTH-1135,Wheat,FPO,RETAILER,Nashik,Maharashtra,4735.38,KG,26.01,24.14,24.14,2025-03-09,COMPLETED,2,DELIVERED_ON_TIME,2286.24
ORD-SYNTH-1136,Tomato,FPO,BULK_PROCESSOR,Hubballi,Karnataka,1664.55,KG,30.07,29.02,29.02,2025-03-10,COMPLETED,2,DELIVERED_ON_TIME,966.1
ORD-SYNTH-1137,Onion,FARMER,RETAILER,Nashik,Maharashtra,533.12,KG,33.85,32.65,32.65,2025-03-10,COMPLETED,5,DELIVERED_ON_TIME,348.13
ORD-SYNTH-1138,Potato,FARMER,BULK_PROCESSOR,Pune,Maharashtra,3802.79,KG,22.1,20.45,20.45,2025-03-11,COMPLETED,3,DELIVERED_ON_TIME,1555.34
ORD-SYNTH-1139,Rice,FARMER,RETAILER,Hubballi,Karnataka,2620.45,KG,60.5,59.79,59.79,2025-03-11,COMPLETED,3,DELIVERED_ON_TIME,3133.53
ORD-SYNTH-1140,Wheat,FPO,WHOLESALER,Nashik,Maharashtra,647.23,KG,27.23,26.22,26.22,2025-03-12,COMPLETED,5,DELIVERED_ON_TIME,339.41
ORD-SYNTH-1141,Tomato,FPO,BULK_PROCESSOR,Hubballi,Karnataka,4650.47,KG,27.41,25.44,25.44,2025-03-12,COMPLETED,2,DELIVERED_ON_TIME,2366.16
ORD-SYNTH-1142,Onion,FPO,WHOLESALER,Nashik,Maharashtra,1820.92,KG,34.22,32.98,32.98,2025-03-13,COMPLETED,1,DELIVERED_LATE,1201.08
ORD-SYNTH-1143,Potato,FPO,RETAILER,Pune,Maharashtra,4365.01,KG,24.35,24.25,24.25,2025-03-13,COMPLETED,3,DELIVERED_ON_TIME,2117.03
ORD-SYNTH-1144,Rice,FARMER,RETAILER,Hubballi,Karnataka,4513.65,KG,59.38,56.06,56.06,2025-03-14,COMPLETED,3,DELIVERED_ON_TIME,5060.7
ORD-SYNTH-1145,Wheat,FPO,BULK_PROCESSOR,Nashik,Maharashtra,3040.34,KG,24.28,23.21,23.21,2025-03-14,COMPLETED,5,DELIVERED_ON_TIME,1411.33
ORD-SYNTH-1146,Tomato,FARMER,RETAILER,Hubballi,Karnataka,498.12,KG,30.37,29.13,29.13,2025-03-15,COMPLETED,1,DELIVERED_ON_TIME,290.2
ORD-SYNTH-1147,Onion,FPO,BULK_PROCESSOR,Nashik,Maharashtra,3774.87,KG,36.34,33.83,33.83,2025-03-15,COMPLETED,1,DELIVERED_ON_TIME,2554.08
ORD-SYNTH-1148,Potato,FARMER,BULK_PROCESSOR,Pune,Maharashtra,1337.21,KG,23.68,22.5,22.5,2025-03-16,COMPLETED,1,DELIVERED_ON_TIME,601.74
ORD-SYNTH-1149,Rice,FARMER,WHOLESALER,Hubballi,Karnataka,4403.22,KG,61.03,57.6,57.6,2025-03-16,COMPLETED,2,DELIVERED_ON_TIME,5072.51
ORD-SYNTH-1150,Wheat,FPO,RETAILER,Nashik,Maharashtra,70.98,KG,25.91,24.82,24.82,2025-03-17,COMPLETED,2,DELIVERED_ON_TIME,35.23
ORD-SYNTH-1151,Tomato,FPO,WHOLESALER,Hubballi,Karnataka,2355.05,KG,28.46,26.99,26.99,2025-03-17,COMPLETED,3,DELIVERED_ON_TIME,1271.26
ORD-SYNTH-1152,Onion,FPO,BULK_PROCESSOR,Nashik,Maharashtra,3902.07,KG,34.96,33.84,33.84,2025-03-18,COMPLETED,2,DELIVERED_ON_TIME,2640.92
ORD-SYNTH-1153,Potato,FPO,RETAILER,Pune,Maharashtra,911.18,KG,23.4,22.92,22.92,2025-03-18,COMPLETED,1,DELIVERED_ON_TIME,417.68
ORD-SYNTH-1154,Rice,FARMER,WHOLESALER,Hubballi,Karnataka,1414.22,KG,60.67,56.3,56.3,2025-03-19,COMPLETED,5,DELIVERED_ON_TIME,1592.41
ORD-SYNTH-1155,Wheat,FARMER,BULK_PROCESSOR,Nashik,Maharashtra,4234.93,KG,25.79,24.17,24.17,2025-03-19,COMPLETED,4,DELIVERED_ON_TIME,2047.17
ORD-SYNTH-1156,Tomato,FPO,RETAILER,Hubballi,Karnataka,1036.61,KG,29.39,28.96,28.96,2025-03-20,COMPLETED,4,DELIVERED_ON_TIME,600.4
ORD-SYNTH-1157,Onion,FARMER,RETAILER,Nashik,Maharashtra,4518.6,KG,34.67,34.12,34.12,2025-03-20,COMPLETED,2,DELIVERED_LATE,3083.49
ORD-SYNTH-1158,Potato,FPO,BULK_PROCESSOR,Pune,Maharashtra,4799.26,KG,23.08,22.07,22.07,2025-03-21,COMPLETED,2,DELIVERED_ON_TIME,2118.39
ORD-SYNTH-1159,Rice,FPO,WHOLESALER,Hubballi,Karnataka,2357.74,KG,60.75,60.45,60.45,2025-03-21,COMPLETED,2,DELIVERED_ON_TIME,2850.51
ORD-SYNTH-1160,Wheat,FARMER,WHOLESALER,Nashik,Maharashtra,2760.57,KG,24.35,23.93,23.93,2025-03-22,COMPLETED,1,DELIVERED_ON_TIME,1321.21
ORD-SYNTH-1161,Tomato,FARMER,BULK_PROCESSOR,Hubballi,Karnataka,4339.4,KG,31.7,31.39,31.39,2025-03-22,COMPLETED,3,DELIVERED_ON_TIME,2724.28
ORD-SYNTH-1162,Onion,FARMER,RETAILER,Nashik,Maharashtra,2677.11,KG,34.64,32.94,32.94,2025-03-23,COMPLETED,4,DELIVERED_ON_TIME,1763.68
ORD-SYNTH-1163,Potato,FARMER,BULK_PROCESSOR,Pune,Maharashtra,3806.45,KG,22.95,21.76,21.76,2025-03-23,COMPLETED,4,DELIVERED_ON_TIME,1656.57
ORD-SYNTH-1164,Rice,FPO,RETAILER,Hubballi,Karnataka,3063.64,KG,53.41,52.19,52.19,2025-03-24,COMPLETED,4,DELIVERED_ON_TIME,3197.83
ORD-SYNTH-1165,Wheat,FARMER,RETAILER,Nashik,Maharashtra,3111.99,KG,24.13,23.07,23.07,2025-03-24,COMPLETED,2,DELIVERED_ON_TIME,1435.87
ORD-SYNTH-1166,Tomato,FPO,RETAILER,Hubballi,Karnataka,1625.65,KG,31.1,28.83,28.83,2025-03-25,COMPLETED,1,DELIVERED_ON_TIME,937.35
ORD-SYNTH-1167,Onion,FARMER,RETAILER,Nashik,Maharashtra,979.89,KG,33.65,32.74,32.74,2025-03-25,COMPLETED,2,DELIVERED_ON_TIME,641.63
ORD-SYNTH-1168,Potato,FPO,WHOLESALER,Pune,Maharashtra,2868.28,KG,23.29,22.6,22.6,2025-03-26,COMPLETED,4,DELIVERED_ON_TIME,1296.46
ORD-SYNTH-1169,Rice,FPO,BULK_PROCESSOR,Hubballi,Karnataka,120.76,KG,55.33,52.75,52.75,2025-03-26,COMPLETED,4,DELIVERED_ON_TIME,127.4
ORD-SYNTH-1170,Wheat,FPO,RETAILER,Nashik,Maharashtra,2453.93,KG,26.39,24.88,24.88,2025-03-27,COMPLETED,1,DELIVERED_ON_TIME,1221.08
ORD-SYNTH-1171,Tomato,FPO,RETAILER,Hubballi,Karnataka,292.37,KG,31.18,28.86,28.86,2025-03-27,COMPLETED,1,DELIVERED_LATE,168.76
ORD-SYNTH-1172,Onion,FARMER,WHOLESALER,Nashik,Maharashtra,4906.63,KG,34.14,33.58,33.58,2025-03-28,COMPLETED,3,DELIVERED_ON_TIME,3295.29
ORD-SYNTH-1173,Potato,FPO,WHOLESALER,Pune,Maharashtra,1984.14,KG,23.68,22.95,22.95,2025-03-28,COMPLETED,4,DELIVERED_ON_TIME,910.72
ORD-SYNTH-1174,Rice,FARMER,WHOLESALER,Hubballi,Karnataka,4607.24,KG,60.58,59.47,59.47,2025-03-29,COMPLETED,4,DELIVERED_ON_TIME,5479.85
ORD-SYNTH-1175,Wheat,FARMER,RETAILER,Nashik,Maharashtra,1163.31,KG,26.19,24.97,24.97,2025-03-29,COMPLETED,1,DELIVERED_ON_TIME,580.96
ORD-SYNTH-1176,Tomato,FARMER,WHOLESALER,Hubballi,Karnataka,4534.08,KG,26.83,25.78,25.78,2025-03-30,COMPLETED,4,DELIVERED_ON_TIME,2337.77
ORD-SYNTH-1177,Onion,FARMER,BULK_PROCESSOR,Nashik,Maharashtra,2093.92,KG,36.6,34.12,34.12,2025-03-30,COMPLETED,2,DELIVERED_ON_TIME,1428.89
ORD-SYNTH-1178,Potato,FPO,WHOLESALER,Pune,Maharashtra,1050.53,KG,21.73,21.7,21.7,2025-03-31,COMPLETED,4,DELIVERED_ON_TIME,455.93
ORD-SYNTH-1179,Rice,FPO,BULK_PROCESSOR,Hubballi,Karnataka,1973.05,KG,53.54,50.79,50.79,2025-03-31,COMPLETED,1,DELIVERED_ON_TIME,2004.22
ORD-SYNTH-1180,Wheat,FPO,RETAILER,Nashik,Maharashtra,4970.0,KG,25.67,24.89,24.89,2025-04-01,COMPLETED,2,DELIVERED_LATE,2474.07
ORD-SYNTH-1181,Tomato,FPO,BULK_PROCESSOR,Hubballi,Karnataka,2286.64,KG,30.51,28.74,28.74,2025-04-01,COMPLETED,2,DELIVERED_LATE,1314.36
ORD-SYNTH-1182,Onion,FPO,RETAILER,Nashik,Maharashtra,451.48,KG,33.9,31.96,31.96,2025-04-02,COMPLETED,3,DELIVERED_ON_TIME,288.59
ORD-SYNTH-1183,Potato,FPO,RETAILER,Pune,Maharashtra,3296.89,KG,21.66,20.27,20.27,2025-04-02,COMPLETED,3,DELIVERED_ON_TIME,1336.56
ORD-SYNTH-1184,Rice,FARMER,BULK_PROCESSOR,Hubballi,Karnataka,119.9,KG,61.46,57.92,57.92,2025-04-03,COMPLETED,2,DELIVERED_LATE,138.89
ORD-SYNTH-1185,Wheat,FPO,WHOLESALER,Nashik,Maharashtra,957.91,KG,27.54,25.52,25.52,2025-04-03,COMPLETED,4,DELIVERED_ON_TIME,488.92
ORD-SYNTH-1186,Tomato,FARMER,RETAILER,Hubballi,Karnataka,1981.47,KG,29.23,28.94,28.94,2025-04-04,COMPLETED,3,DELIVERED_ON_TIME,1146.87
ORD-SYNTH-1187,Onion,FPO,RETAILER,Nashik,Maharashtra,850.67,KG,33.39,31.39,31.39,2025-04-04,COMPLETED,4,DELIVERED_ON_TIME,534.05
ORD-SYNTH-1188,Potato,FARMER,RETAILER,Pune,Maharashtra,2560.89,KG,22.98,21.86,21.86,2025-04-05,COMPLETED,2,DELIVERED_ON_TIME,1119.62
ORD-SYNTH-1189,Rice,FPO,WHOLESALER,Hubballi,Karnataka,1663.96,KG,56.91,53.15,53.15,2025-04-05,COMPLETED,3,DELIVERED_ON_TIME,1768.79
ORD-SYNTH-1190,Wheat,FARMER,WHOLESALER,Nashik,Maharashtra,778.98,KG,24.74,23.87,23.87,2025-04-06,COMPLETED,2,DELIVERED_ON_TIME,371.89
ORD-SYNTH-1191,Tomato,FARMER,WHOLESALER,Hubballi,Karnataka,559.81,KG,31.9,31.0,31.0,2025-04-06,COMPLETED,1,DELIVERED_ON_TIME,347.08
ORD-SYNTH-1192,Onion,FARMER,WHOLESALER,Nashik,Maharashtra,4521.91,KG,30.41,29.27,29.27,2025-04-07,COMPLETED,2,DELIVERED_ON_TIME,2647.13
ORD-SYNTH-1193,Potato,FPO,BULK_PROCESSOR,Pune,Maharashtra,2642.66,KG,21.39,20.65,20.65,2025-04-07,CANCELLED,2,CANCELLED,1091.42
ORD-SYNTH-1194,Rice,FARMER,RETAILER,Hubballi,Karnataka,2982.3,KG,61.98,58.2,58.2,2025-04-08,COMPLETED,3,DELIVERED_LATE,3471.4
ORD-SYNTH-1195,Wheat,FPO,BULK_PROCESSOR,Nashik,Maharashtra,3319.07,KG,24.22,22.81,22.81,2025-04-08,COMPLETED,2,DELIVERED_ON_TIME,1514.16
ORD-SYNTH-1196,Tomato,FPO,WHOLESALER,Hubballi,Karnataka,2222.63,KG,29.6,27.66,27.66,2025-04-09,COMPLETED,2,DELIVERED_ON_TIME,1229.56
ORD-SYNTH-1197,Onion,FPO,WHOLESALER,Nashik,Maharashtra,1289.14,KG,30.99,29.13,29.13,2025-04-09,COMPLETED,1,DELIVERED_ON_TIME,751.05
ORD-SYNTH-1198,Potato,FARMER,WHOLESALER,Pune,Maharashtra,1266.81,KG,22.61,22.43,22.43,2025-04-10,COMPLETED,4,DELIVERED_ON_TIME,568.29
ORD-SYNTH-1199,Rice,FARMER,RETAILER,Hubballi,Karnataka,560.53,KG,63.13,59.85,59.85,2025-04-10,COMPLETED,3,DELIVERED_ON_TIME,670.95
ORD-SYNTH-1200,Wheat,FPO,BULK_PROCESSOR,Nashik,Maharashtra,3806.1,KG,26.68,26.28,26.28,2025-04-11,COMPLETED,1,DELIVERED_ON_TIME,2000.49
ORD-SYNTH-1201,Tomato,FARMER,WHOLESALER,Hubballi,Karnataka,3419.1,KG,31.91,31.37,31.37,2025-04-11,COMPLETED,3,DELIVERED_ON_TIME,2145.14
ORD-SYNTH-1202,Onion,FPO,WHOLESALER,Nashik,Maharashtra,2903.9,KG,32.83,31.11,31.11,2025-04-12,COMPLETED,5,DELIVERED_ON_TIME,1806.81
ORD-SYNTH-1203,Potato,FARMER,RETAILER,Pune,Maharashtra,4747.21,KG,22.47,20.69,20.69,2025-04-12,COMPLETED,1,DELIVERED_ON_TIME,1964.4
ORD-SYNTH-1204,Rice,FARMER,WHOLESALER,Hubballi,Karnataka,3364.39,KG,56.81,54.34,54.34,2025-04-13,COMPLETED,3,DELIVERED_ON_TIME,3656.42
ORD-SYNTH-1205,Wheat,FPO,WHOLESALER,Nashik,Maharashtra,2112.74,KG,23.11,22.77,22.77,2025-04-13,COMPLETED,5,DELIVERED_ON_TIME,962.14
ORD-SYNTH-1206,Tomato,FPO,BULK_PROCESSOR,Hubballi,Karnataka,3356.03,KG,27.64,26.34,26.34,2025-04-14,COMPLETED,4,DELIVERED_ON_TIME,1767.96
ORD-SYNTH-1207,Onion,FPO,WHOLESALER,Nashik,Maharashtra,1404.65,KG,31.79,31.45,31.45,2025-04-14,COMPLETED,2,DELIVERED_ON_TIME,883.52
ORD-SYNTH-1208,Potato,FPO,RETAILER,Pune,Maharashtra,4387.28,KG,21.04,19.7,19.7,2025-04-15,COMPLETED,1,DELIVERED_ON_TIME,1728.59
ORD-SYNTH-1209,Rice,FARMER,WHOLESALER,Hubballi,Karnataka,1358.02,KG,57.02,53.74,53.74,2025-04-15,COMPLETED,3,DELIVERED_ON_TIME,1459.6
ORD-SYNTH-1210,Wheat,FPO,RETAILER,Nashik,Maharashtra,776.97,KG,26.61,24.71,24.71,2025-04-16,COMPLETED,3,DELIVERED_ON_TIME,383.98
ORD-SYNTH-1211,Tomato,FARMER,WHOLESALER,Hubballi,Karnataka,3784.08,KG,27.16,25.24,25.24,2025-04-16,COMPLETED,3,DELIVERED_ON_TIME,1910.2
ORD-SYNTH-1212,Onion,FPO,BULK_PROCESSOR,Nashik,Maharashtra,2767.53,KG,31.0,30.91,30.91,2025-04-17,COMPLETED,1,DELIVERED_ON_TIME,1710.89
ORD-SYNTH-1213,Potato,FPO,WHOLESALER,Pune,Maharashtra,3370.7,KG,21.24,21.24,21.24,2025-04-17,COMPLETED,2,DELIVERED_ON_TIME,1431.87
ORD-SYNTH-1214,Rice,FARMER,BULK_PROCESSOR,Hubballi,Karnataka,664.35,KG,54.37,53.74,53.74,2025-04-18,COMPLETED,2,DELIVERED_ON_TIME,714.04
ORD-SYNTH-1215,Wheat,FPO,RETAILER,Nashik,Maharashtra,2782.57,KG,27.03,25.05,25.05,2025-04-18,COMPLETED,3,DELIVERED_ON_TIME,1394.07
ORD-SYNTH-1216,Tomato,FARMER,BULK_PROCESSOR,Hubballi,Karnataka,215.3,KG,28.18,27.64,27.64,2025-04-19,COMPLETED,2,DELIVERED_ON_TIME,119.02
ORD-SYNTH-1217,Onion,FPO,WHOLESALER,Nashik,Maharashtra,862.45,KG,31.95,30.12,30.12,2025-04-19,COMPLETED,2,DELIVERED_ON_TIME,519.54
ORD-SYNTH-1218,Potato,FPO,RETAILER,Pune,Maharashtra,4363.59,KG,24.82,23.44,23.44,2025-04-20,COMPLETED,4,DELIVERED_ON_TIME,2045.65
ORD-SYNTH-1219,Rice,FARMER,BULK_PROCESSOR,Hubballi,Karnataka,3625.55,KG,61.62,57.13,57.13,2025-04-20,COMPLETED,1,DELIVERED_ON_TIME,4142.55
ORD-SYNTH-1220,Wheat,FPO,BULK_PROCESSOR,Nashik,Maharashtra,3689.55,KG,27.57,26.28,26.28,2025-04-21,COMPLETED,4,DELIVERED_ON_TIME,1939.23
ORD-SYNTH-1221,Tomato,FARMER,RETAILER,Hubballi,Karnataka,3711.67,KG,29.38,27.43,27.43,2025-04-21,CANCELLED,1,CANCELLED,2036.22
ORD-SYNTH-1222,Onion,FARMER,WHOLESALER,Nashik,Maharashtra,174.74,KG,30.5,29.3,29.3,2025-04-22,COMPLETED,5,DELIVERED_ON_TIME,102.4
ORD-SYNTH-1223,Potato,FARMER,RETAILER,Pune,Maharashtra,4061.97,KG,21.26,20.76,20.76,2025-04-22,COMPLETED,2,DELIVERED_LATE,1686.53
ORD-SYNTH-1224,Rice,FARMER,BULK_PROCESSOR,Hubballi,Karnataka,2097.0,KG,63.03,59.18,59.18,2025-04-23,COMPLETED,2,DELIVERED_ON_TIME,2482.01
ORD-SYNTH-1225,Wheat,FPO,RETAILER,Nashik,Maharashtra,2699.09,KG,24.8,24.21,24.21,2025-04-23,COMPLETED,2,DELIVERED_ON_TIME,1306.9
ORD-SYNTH-1226,Tomato,FPO,BULK_PROCESSOR,Hubballi,Karnataka,4094.1,KG,30.31,29.4,29.4,2025-04-24,COMPLETED,4,DELIVERED_ON_TIME,2407.33
ORD-SYNTH-1227,Onion,FPO,RETAILER,Nashik,Maharashtra,1660.9,KG,36.31,35.62,35.62,2025-04-24,CANCELLED,2,CANCELLED,1183.23
ORD-SYNTH-1228,Potato,FARMER,BULK_PROCESSOR,Pune,Maharashtra,4447.43,KG,23.11,21.28,21.28,2025-04-25,COMPLETED,3,DELIVERED_ON_TIME,1892.83
ORD-SYNTH-1229,Rice,FPO,WHOLESALER,Hubballi,Karnataka,2388.52,KG,53.72,49.97,49.97,2025-04-25,COMPLETED,2,DELIVERED_ON_TIME,2387.09
ORD-SYNTH-1230,Wheat,FPO,BULK_PROCESSOR,Nashik,Maharashtra,2396.96,KG,24.95,24.24,24.24,2025-04-26,COMPLETED,3,DELIVERED_ON_TIME,1162.05
ORD-SYNTH-1231,Tomato,FPO,BULK_PROCESSOR,Hubballi,Karnataka,4906.25,KG,27.93,27.93,27.93,2025-04-26,COMPLETED,1,DELIVERED_ON_TIME,2740.63
ORD-SYNTH-1232,Onion,FPO,BULK_PROCESSOR,Nashik,Maharashtra,373.53,KG,33.67,31.11,31.11,2025-04-27,COMPLETED,2,DELIVERED_ON_TIME,232.41
ORD-SYNTH-1233,Potato,FARMER,RETAILER,Pune,Maharashtra,118.72,KG,24.9,23.02,23.02,2025-04-27,COMPLETED,2,DELIVERED_ON_TIME,54.66
ORD-SYNTH-1234,Rice,FPO,WHOLESALER,Hubballi,Karnataka,1579.49,KG,57.13,53.18,53.18,2025-04-28,COMPLETED,2,DELIVERED_ON_TIME,1679.95
ORD-SYNTH-1235,Wheat,FPO,BULK_PROCESSOR,Nashik,Maharashtra,516.41,KG,27.06,26.7,26.7,2025-04-28,COMPLETED,5,DELIVERED_ON_TIME,275.76
ORD-SYNTH-1236,Tomato,FARMER,BULK_PROCESSOR,Hubballi,Karnataka,1618.89,KG,28.32,27.88,27.88,2025-04-29,COMPLETED,5,DELIVERED_ON_TIME,902.69
ORD-SYNTH-1237,Onion,FPO,WHOLESALER,Nashik,Maharashtra,4110.51,KG,35.17,33.53,33.53,2025-04-29,COMPLETED,2,DELIVERED_ON_TIME,2756.51
ORD-SYNTH-1238,Potato,FARMER,BULK_PROCESSOR,Pune,Maharashtra,527.14,KG,23.08,22.14,22.14,2025-04-30,COMPLETED,2,DELIVERED_LATE,233.42
ORD-SYNTH-1239,Rice,FPO,RETAILER,Hubballi,Karnataka,1391.39,KG,54.28,53.2,53.2,2025-04-30,COMPLETED,1,DELIVERED_LATE,1480.44
ORD-SYNTH-1240,Wheat,FARMER,WHOLESALER,Nashik,Maharashtra,2472.06,KG,23.16,22.96,22.96,2025-05-01,COMPLETED,5,DELIVERED_ON_TIME,1135.17
ORD-SYNTH-1241,Tomato,FARMER,RETAILER,Hubballi,Karnataka,4851.83,KG,31.19,29.91,29.91,2025-05-01,COMPLETED,2,DELIVERED_ON_TIME,2902.36
ORD-SYNTH-1242,Onion,FARMER,WHOLESALER,Nashik,Maharashtra,4884.36,KG,35.05,34.89,34.89,2025-05-02,COMPLETED,2,DELIVERED_ON_TIME,3408.31
ORD-SYNTH-1243,Potato,FPO,BULK_PROCESSOR,Pune,Maharashtra,742.86,KG,24.35,24.06,24.06,2025-05-02,COMPLETED,2,DELIVERED_ON_TIME,357.46
ORD-SYNTH-1244,Rice,FARMER,WHOLESALER,Hubballi,Karnataka,2131.46,KG,56.57,52.55,52.55,2025-05-03,COMPLETED,1,DELIVERED_ON_TIME,2240.16
ORD-SYNTH-1245,Wheat,FARMER,BULK_PROCESSOR,Nashik,Maharashtra,4912.05,KG,25.68,25.37,25.37,2025-05-03,COMPLETED,2,DELIVERED_ON_TIME,2492.37
ORD-SYNTH-1246,Tomato,FARMER,WHOLESALER,Hubballi,Karnataka,4591.24,KG,27.58,25.68,25.68,2025-05-04,COMPLETED,1,DELIVERED_ON_TIME,2358.06
ORD-SYNTH-1247,Onion,FPO,RETAILER,Nashik,Maharashtra,3477.63,KG,31.33,30.53,30.53,2025-05-04,COMPLETED,4,DELIVERED_ON_TIME,2123.44
ORD-SYNTH-1248,Potato,FARMER,BULK_PROCESSOR,Pune,Maharashtra,367.62,KG,23.04,22.45,22.45,2025-05-05,COMPLETED,1,DELIVERED_ON_TIME,165.06
ORD-SYNTH-1249,Rice,FPO,WHOLESALER,Hubballi,Karnataka,771.66,KG,52.6,51.26,51.26,2025-05-05,COMPLETED,1,DELIVERED_LATE,791.11
ORD-SYNTH-1250,Wheat,FPO,BULK_PROCESSOR,Nashik,Maharashtra,153.6,KG,25.67,24.29,24.29,2025-05-06,COMPLETED,3,DELIVERED_ON_TIME,74.62
ORD-SYNTH-1251,Tomato,FARMER,RETAILER,Hubballi,Karnataka,4496.63,KG,29.23,28.24,28.24,2025-05-06,COMPLETED,4,DELIVERED_ON_TIME,2539.7
ORD-SYNTH-1252,Onion,FARMER,RETAILER,Nashik,Maharashtra,738.21,KG,34.34,33.33,33.33,2025-05-07,COMPLETED,2,DELIVERED_ON_TIME,492.09
ORD-SYNTH-1253,Potato,FPO,WHOLESALER,Pune,Maharashtra,2645.59,KG,21.27,21.03,21.03,2025-05-07,COMPLETED,3,DELIVERED_ON_TIME,1112.74
ORD-SYNTH-1254,Rice,FPO,WHOLESALER,Hubballi,Karnataka,1749.17,KG,55.33,52.54,52.54,2025-05-08,COMPLETED,2,DELIVERED_ON_TIME,1838.03
ORD-SYNTH-1255,Wheat,FPO,WHOLESALER,Nashik,Maharashtra,3545.4,KG,27.49,26.86,26.86,2025-05-08,COMPLETED,2,DELIVERED_ON_TIME,1904.59
ORD-SYNTH-1256,Tomato,FPO,BULK_PROCESSOR,Hubballi,Karnataka,423.51,KG,29.49,27.94,27.94,2025-05-09,COMPLETED,2,DELIVERED_ON_TIME,236.66
ORD-SYNTH-1257,Onion,FARMER,RETAILER,Nashik,Maharashtra,2826.22,KG,35.28,33.98,33.98,2025-05-09,COMPLETED,4,DELIVERED_ON_TIME,1920.7
ORD-SYNTH-1258,Potato,FARMER,BULK_PROCESSOR,Pune,Maharashtra,4606.67,KG,21.01,20.56,20.56,2025-05-10,COMPLETED,2,DELIVERED_ON_TIME,1894.26
ORD-SYNTH-1259,Rice,FPO,BULK_PROCESSOR,Hubballi,Karnataka,4855.89,KG,55.89,55.26,55.26,2025-05-10,CANCELLED,3,CANCELLED,5366.73
ORD-SYNTH-1260,Wheat,FPO,BULK_PROCESSOR,Nashik,Maharashtra,864.57,KG,25.16,24.39,24.39,2025-05-11,COMPLETED,3,DELIVERED_LATE,421.74
ORD-SYNTH-1261,Tomato,FPO,WHOLESALER,Hubballi,Karnataka,1453.27,KG,28.19,25.99,25.99,2025-05-11,COMPLETED,5,DELIVERED_LATE,755.41
ORD-SYNTH-1262,Onion,FARMER,RETAILER,Nashik,Maharashtra,3324.52,KG,31.83,31.61,31.61,2025-05-12,COMPLETED,3,DELIVERED_ON_TIME,2101.76
ORD-SYNTH-1263,Potato,FPO,WHOLESALER,Pune,Maharashtra,715.24,KG,21.58,21.18,21.18,2025-05-12,COMPLETED,3,DELIVERED_ON_TIME,302.98
ORD-SYNTH-1264,Rice,FPO,RETAILER,Hubballi,Karnataka,4077.64,KG,62.41,61.62,61.62,2025-05-13,COMPLETED,2,DELIVERED_ON_TIME,5025.28
ORD-SYNTH-1265,Wheat,FPO,WHOLESALER,Nashik,Maharashtra,2487.82,KG,25.37,23.54,23.54,2025-05-13,COMPLETED,3,DELIVERED_ON_TIME,1171.27
ORD-SYNTH-1266,Tomato,FARMER,BULK_PROCESSOR,Hubballi,Karnataka,4491.78,KG,30.25,28.67,28.67,2025-05-14,COMPLETED,2,DELIVERED_ON_TIME,2575.59
ORD-SYNTH-1267,Onion,FARMER,RETAILER,Nashik,Maharashtra,2783.61,KG,31.35,29.25,29.25,2025-05-14,COMPLETED,1,DELIVERED_ON_TIME,1628.41
ORD-SYNTH-1268,Potato,FPO,RETAILER,Pune,Maharashtra,1550.2,KG,20.98,19.78,19.78,2025-05-15,COMPLETED,2,DELIVERED_ON_TIME,613.26
ORD-SYNTH-1269,Rice,FARMER,WHOLESALER,Hubballi,Karnataka,816.72,KG,60.95,59.32,59.32,2025-05-15,COMPLETED,2,DELIVERED_ON_TIME,968.96
ORD-SYNTH-1270,Wheat,FARMER,RETAILER,Nashik,Maharashtra,4594.55,KG,23.57,21.89,21.89,2025-05-16,COMPLETED,3,DELIVERED_LATE,2011.49
ORD-SYNTH-1271,Tomato,FARMER,WHOLESALER,Hubballi,Karnataka,2030.79,KG,30.42,29.71,29.71,2025-05-16,COMPLETED,1,DELIVERED_ON_TIME,1206.7
ORD-SYNTH-1272,Onion,FARMER,WHOLESALER,Nashik,Maharashtra,3482.8,KG,31.56,29.54,29.54,2025-05-17,COMPLETED,2,DELIVERED_ON_TIME,2057.64
ORD-SYNTH-1273,Potato,FARMER,WHOLESALER,Pune,Maharashtra,1584.12,KG,25.05,23.49,23.49,2025-05-17,COMPLETED,2,DELIVERED_ON_TIME,744.22
ORD-SYNTH-1274,Rice,FARMER,WHOLESALER,Hubballi,Karnataka,1231.14,KG,59.56,59.11,59.11,2025-05-18,CANCELLED,3,CANCELLED,1455.45
ORD-SYNTH-1275,Wheat,FPO,RETAILER,Nashik,Maharashtra,4909.15,KG,23.09,21.99,21.99,2025-05-18,COMPLETED,3,DELIVERED_ON_TIME,2159.04
ORD-SYNTH-1276,Tomato,FARMER,WHOLESALER,Hubballi,Karnataka,2155.55,KG,28.15,26.82,26.82,2025-05-19,COMPLETED,3,DELIVERED_ON_TIME,1156.24
ORD-SYNTH-1277,Onion,FPO,RETAILER,Nashik,Maharashtra,1566.8,KG,34.32,32.96,32.96,2025-05-19,COMPLETED,2,DELIVERED_ON_TIME,1032.83
ORD-SYNTH-1278,Potato,FPO,RETAILER,Pune,Maharashtra,1206.74,KG,22.28,21.19,21.19,2025-05-20,COMPLETED,1,DELIVERED_ON_TIME,511.42
ORD-SYNTH-1279,Rice,FPO,BULK_PROCESSOR,Hubballi,Karnataka,3213.31,KG,54.19,50.67,50.67,2025-05-20,COMPLETED,2,DELIVERED_ON_TIME,3256.37
ORD-SYNTH-1280,Wheat,FARMER,RETAILER,Nashik,Maharashtra,923.32,KG,25.45,24.62,24.62,2025-05-21,COMPLETED,1,DELIVERED_ON_TIME,454.64
ORD-SYNTH-1281,Tomato,FPO,WHOLESALER,Hubballi,Karnataka,2865.87,KG,26.81,26.21,26.21,2025-05-21,COMPLETED,2,DELIVERED_ON_TIME,1502.29
ORD-SYNTH-1282,Onion,FARMER,BULK_PROCESSOR,Nashik,Maharashtra,2019.58,KG,33.85,31.89,31.89,2025-05-22,COMPLETED,3,DELIVERED_ON_TIME,1288.09
ORD-SYNTH-1283,Potato,FPO,RETAILER,Pune,Maharashtra,698.48,KG,23.6,22.39,22.39,2025-05-22,COMPLETED,3,DELIVERED_ON_TIME,312.78
ORD-SYNTH-1284,Rice,FARMER,WHOLESALER,Hubballi,Karnataka,1551.48,KG,57.2,55.5,55.5,2025-05-23,COMPLETED,2,DELIVERED_ON_TIME,1722.14
ORD-SYNTH-1285,Wheat,FARMER,WHOLESALER,Nashik,Maharashtra,3195.75,KG,23.24,23.17,23.17,2025-05-23,COMPLETED,2,DELIVERED_ON_TIME,1480.91
ORD-SYNTH-1286,Tomato,FARMER,RETAILER,Hubballi,Karnataka,926.0,KG,31.32,29.69,29.69,2025-05-24,COMPLETED,2,DELIVERED_ON_TIME,549.86
ORD-SYNTH-1287,Onion,FPO,WHOLESALER,Nashik,Maharashtra,3533.21,KG,32.16,31.84,31.84,2025-05-24,COMPLETED,4,DELIVERED_ON_TIME,2249.95
ORD-SYNTH-1288,Potato,FPO,RETAILER,Pune,Maharashtra,2402.67,KG,24.86,23.12,23.12,2025-05-25,COMPLETED,2,DELIVERED_ON_TIME,1110.99
ORD-SYNTH-1289,Rice,FARMER,WHOLESALER,Hubballi,Karnataka,164.64,KG,58.17,57.15,57.15,2025-05-25,COMPLETED,1,DELIVERED_ON_TIME,188.18
ORD-SYNTH-1290,Wheat,FARMER,BULK_PROCESSOR,Nashik,Maharashtra,4373.57,KG,23.49,22.1,22.1,2025-05-26,COMPLETED,3,DELIVERED_ON_TIME,1933.12
ORD-SYNTH-1291,Tomato,FARMER,BULK_PROCESSOR,Hubballi,Karnataka,4075.58,KG,30.97,28.76,28.76,2025-05-26,COMPLETED,5,DELIVERED_LATE,2344.27
ORD-SYNTH-1292,Onion,FARMER,BULK_PROCESSOR,Nashik,Maharashtra,1076.17,KG,35.13,33.41,33.41,2025-05-27,COMPLETED,4,DELIVERED_ON_TIME,719.1
ORD-SYNTH-1293,Potato,FARMER,RETAILER,Pune,Maharashtra,1465.29,KG,21.29,20.96,20.96,2025-05-27,COMPLETED,3,DELIVERED_ON_TIME,614.25
ORD-SYNTH-1294,Rice,FARMER,RETAILER,Hubballi,Karnataka,2164.25,KG,55.24,52.22,52.22,2025-05-28,COMPLETED,3,DELIVERED_ON_TIME,2260.34
ORD-SYNTH-1295,Wheat,FARMER,RETAILER,Nashik,Maharashtra,4663.34,KG,23.19,21.42,21.42,2025-05-28,COMPLETED,1,DELIVERED_ON_TIME,1997.77
ORD-SYNTH-1296,Tomato,FPO,RETAILER,Hubballi,Karnataka,4002.29,KG,31.1,29.89,29.89,2025-05-29,COMPLETED,2,DELIVERED_ON_TIME,2392.57
ORD-SYNTH-1297,Onion,FPO,WHOLESALER,Nashik,Maharashtra,144.11,KG,35.95,35.45,35.45,2025-05-29,COMPLETED,1,DELIVERED_ON_TIME,102.17
ORD-SYNTH-1298,Potato,FARMER,RETAILER,Pune,Maharashtra,3240.25,KG,22.8,21.07,21.07,2025-05-30,COMPLETED,1,DELIVERED_ON_TIME,1365.44
ORD-SYNTH-1299,Rice,FARMER,BULK_PROCESSOR,Hubballi,Karnataka,4506.74,KG,52.36,52.07,52.07,2025-05-30,COMPLETED,1,DELIVERED_ON_TIME,4693.32
ORD-SYNTH-1300,Wheat,FPO,RETAILER,Nashik,Maharashtra,892.26,KG,23.23,22.72,22.72,2025-05-31,COMPLETED,4,DELIVERED_ON_TIME,405.44
ORD-SYNTH-1301,Tomato,FARMER,RETAILER,Hubballi,Karnataka,1730.72,KG,28.86,28.41,28.41,2025-05-31,COMPLETED,1,DELIVERED_ON_TIME,983.4
ORD-SYNTH-1302,Onion,FARMER,BULK_PROCESSOR,Nashik,Maharashtra,1096.29,KG,32.16,30.02,30.02,2025-06-01,COMPLETED,2,DELIVERED_ON_TIME,658.21
ORD-SYNTH-1303,Potato,FPO,RETAILER,Pune,Maharashtra,3750.58,KG,23.42,22.72,22.72,2025-06-01,COMPLETED,1,DELIVERED_ON_TIME,1704.26
ORD-SYNTH-1304,Rice,FARMER,BULK_PROCESSOR,Hubballi,Karnataka,2805.04,KG,54.31,53.88,53.88,2025-06-02,COMPLETED,5,DELIVERED_ON_TIME,3022.71
ORD-SYNTH-1305,Wheat,FPO,WHOLESALER,Nashik,Maharashtra,2987.99,KG,24.19,22.75,22.75,2025-06-02,COMPLETED,3,DELIVERED_ON_TIME,1359.54
ORD-SYNTH-1306,Tomato,FPO,WHOLESALER,Hubballi,Karnataka,1991.03,KG,26.84,25.42,25.42,2025-06-03,COMPLETED,4,DELIVERED_ON_TIME,1012.24
ORD-SYNTH-1307,Onion,FPO,WHOLESALER,Nashik,Maharashtra,4940.9,KG,31.49,29.48,29.48,2025-06-03,COMPLETED,3,DELIVERED_ON_TIME,2913.15
ORD-SYNTH-1308,Potato,FPO,WHOLESALER,Pune,Maharashtra,3127.37,KG,22.72,21.53,21.53,2025-06-04,COMPLETED,2,DELIVERED_ON_TIME,1346.65
ORD-SYNTH-1309,Rice,FARMER,RETAILER,Hubballi,Karnataka,2314.83,KG,62.19,60.8,60.8,2025-06-04,COMPLETED,1,DELIVERED_ON_TIME,2814.83
ORD-SYNTH-1310,Wheat,FPO,BULK_PROCESSOR,Nashik,Maharashtra,2096.16,KG,24.68,23.42,23.42,2025-06-05,COMPLETED,2,DELIVERED_LATE,981.84
ORD-SYNTH-1311,Tomato,FARMER,WHOLESALER,Hubballi,Karnataka,2334.38,KG,30.59,30.12,30.12,2025-06-05,COMPLETED,4,DELIVERED_ON_TIME,1406.23
ORD-SYNTH-1312,Onion,FARMER,WHOLESALER,Nashik,Maharashtra,2429.51,KG,34.27,31.83,31.83,2025-06-06,COMPLETED,3,DELIVERED_ON_TIME,1546.63
ORD-SYNTH-1313,Potato,FPO,WHOLESALER,Pune,Maharashtra,1515.01,KG,21.73,20.89,20.89,2025-06-06,COMPLETED,1,DELIVERED_ON_TIME,632.97
ORD-SYNTH-1314,Rice,FARMER,BULK_PROCESSOR,Hubballi,Karnataka,4303.52,KG,61.04,61.01,61.01,2025-06-07,COMPLETED,1,DELIVERED_ON_TIME,5251.16
ORD-SYNTH-1315,Wheat,FPO,WHOLESALER,Nashik,Maharashtra,4212.53,KG,27.24,25.72,25.72,2025-06-07,COMPLETED,3,DELIVERED_ON_TIME,2166.93
ORD-SYNTH-1316,Tomato,FPO,RETAILER,Hubballi,Karnataka,2230.26,KG,30.93,30.13,30.13,2025-06-08,COMPLETED,2,DELIVERED_LATE,1343.95
ORD-SYNTH-1317,Onion,FPO,WHOLESALER,Nashik,Maharashtra,4457.03,KG,31.33,28.96,28.96,2025-06-08,COMPLETED,2,DELIVERED_ON_TIME,2581.51
ORD-SYNTH-1318,Potato,FPO,WHOLESALER,Pune,Maharashtra,2677.88,KG,24.61,23.63,23.63,2025-06-09,COMPLETED,5,DELIVERED_ON_TIME,1265.57
ORD-SYNTH-1319,Rice,FARMER,WHOLESALER,Hubballi,Karnataka,939.01,KG,57.13,56.62,56.62,2025-06-09,COMPLETED,4,DELIVERED_ON_TIME,1063.33
ORD-SYNTH-1320,Wheat,FARMER,RETAILER,Nashik,Maharashtra,2644.83,KG,25.49,23.99,23.99,2025-06-10,COMPLETED,1,DELIVERED_ON_TIME,1268.99
ORD-SYNTH-1321,Tomato,FPO,BULK_PROCESSOR,Hubballi,Karnataka,2316.94,KG,31.13,30.14,30.14,2025-06-10,COMPLETED,3,DELIVERED_ON_TIME,1396.65
ORD-SYNTH-1322,Onion,FPO,WHOLESALER,Nashik,Maharashtra,2785.09,KG,32.42,32.24,32.24,2025-06-11,COMPLETED,1,DELIVERED_ON_TIME,1795.83
ORD-SYNTH-1323,Potato,FARMER,RETAILER,Pune,Maharashtra,4754.11,KG,20.96,19.66,19.66,2025-06-11,COMPLETED,2,DELIVERED_LATE,1869.32
ORD-SYNTH-1324,Rice,FPO,RETAILER,Hubballi,Karnataka,2178.64,KG,60.75,59.68,59.68,2025-06-12,COMPLETED,2,DELIVERED_ON_TIME,2600.42
ORD-SYNTH-1325,Wheat,FPO,RETAILER,Nashik,Maharashtra,2493.19,KG,26.82,26.78,26.78,2025-06-12,COMPLETED,3,DELIVERED_ON_TIME,1335.35
ORD-SYNTH-1326,Tomato,FPO,WHOLESALER,Hubballi,Karnataka,2718.62,KG,28.5,28.22,28.22,2025-06-13,COMPLETED,2,DELIVERED_ON_TIME,1534.39
ORD-SYNTH-1327,Onion,FARMER,WHOLESALER,Nashik,Maharashtra,174.46,KG,34.88,32.81,32.81,2025-06-13,COMPLETED,2,DELIVERED_ON_TIME,114.48
ORD-SYNTH-1328,Potato,FARMER,WHOLESALER,Pune,Maharashtra,324.25,KG,24.14,23.1,23.1,2025-06-14,COMPLETED,2,DELIVERED_ON_TIME,149.8
ORD-SYNTH-1329,Rice,FARMER,BULK_PROCESSOR,Hubballi,Karnataka,4439.57,KG,57.76,53.86,53.86,2025-06-14,COMPLETED,1,DELIVERED_ON_TIME,4782.3
ORD-SYNTH-1330,Wheat,FPO,RETAILER,Nashik,Maharashtra,1949.41,KG,25.45,24.73,24.73,2025-06-15,COMPLETED,4,DELIVERED_ON_TIME,964.18
ORD-SYNTH-1331,Tomato,FARMER,BULK_PROCESSOR,Hubballi,Karnataka,1716.12,KG,29.88,29.42,29.42,2025-06-15,COMPLETED,1,DELIVERED_ON_TIME,1009.77
ORD-SYNTH-1332,Onion,FPO,RETAILER,Nashik,Maharashtra,1706.36,KG,30.71,29.86,29.86,2025-06-16,COMPLETED,2,DELIVERED_ON_TIME,1019.04
ORD-SYNTH-1333,Potato,FPO,WHOLESALER,Pune,Maharashtra,3337.45,KG,24.35,22.75,22.75,2025-06-16,COMPLETED,1,DELIVERED_ON_TIME,1518.54
ORD-SYNTH-1334,Rice,FARMER,RETAILER,Hubballi,Karnataka,3119.69,KG,58.23,55.47,55.47,2025-06-17,COMPLETED,2,DELIVERED_ON_TIME,3460.98
ORD-SYNTH-1335,Wheat,FARMER,RETAILER,Nashik,Maharashtra,4537.81,KG,25.15,24.68,24.68,2025-06-17,COMPLETED,4,DELIVERED_LATE,2239.86
ORD-SYNTH-1336,Tomato,FARMER,BULK_PROCESSOR,Hubballi,Karnataka,537.18,KG,32.01,29.8,29.8,2025-06-18,CANCELLED,5,CANCELLED,320.16
ORD-SYNTH-1337,Onion,FARMER,BULK_PROCESSOR,Nashik,Maharashtra,4881.41,KG,30.53,29.0,29.0,2025-06-18,COMPLETED,3,DELIVERED_ON_TIME,2831.22
ORD-SYNTH-1338,Potato,FPO,RETAILER,Pune,Maharashtra,2276.5,KG,22.47,22.2,22.2,2025-06-19,COMPLETED,2,DELIVERED_ON_TIME,1010.77
ORD-SYNTH-1339,Rice,FPO,RETAILER,Hubballi,Karnataka,4328.65,KG,61.84,60.05,60.05,2025-06-19,COMPLETED,3,DELIVERED_ON_TIME,5198.71
ORD-SYNTH-1340,Wheat,FPO,WHOLESALER,Nashik,Maharashtra,4522.92,KG,26.8,26.74,26.74,2025-06-20,COMPLETED,2,DELIVERED_ON_TIME,2418.86
ORD-SYNTH-1341,Tomato,FARMER,BULK_PROCESSOR,Hubballi,Karnataka,1892.4,KG,30.6,28.8,28.8,2025-06-20,COMPLETED,4,DELIVERED_ON_TIME,1090.02
ORD-SYNTH-1342,Onion,FPO,WHOLESALER,Nashik,Maharashtra,3767.47,KG,32.49,30.23,30.23,2025-06-21,COMPLETED,2,DELIVERED_ON_TIME,2277.81
ORD-SYNTH-1343,Potato,FARMER,RETAILER,Pune,Maharashtra,2509.73,KG,24.72,24.31,24.31,2025-06-21,COMPLETED,3,DELIVERED_ON_TIME,1220.23
ORD-SYNTH-1344,Rice,FPO,WHOLESALER,Hubballi,Karnataka,2254.58,KG,56.35,53.22,53.22,2025-06-22,CANCELLED,3,CANCELLED,2399.77
ORD-SYNTH-1345,Wheat,FPO,BULK_PROCESSOR,Nashik,Maharashtra,666.21,KG,23.43,22.34,22.34,2025-06-22,COMPLETED,2,DELIVERED_ON_TIME,297.66
ORD-SYNTH-1346,Tomato,FARMER,WHOLESALER,Hubballi,Karnataka,1763.04,KG,31.34,30.04,30.04,2025-06-23,COMPLETED,2,DELIVERED_LATE,1059.23
ORD-SYNTH-1347,Onion,FARMER,RETAILER,Nashik,Maharashtra,2167.39,KG,31.53,29.17,29.17,2025-06-23,COMPLETED,2,DELIVERED_ON_TIME,1264.46
ORD-SYNTH-1348,Potato,FPO,BULK_PROCESSOR,Pune,Maharashtra,2609.54,KG,24.26,23.03,23.03,2025-06-24,COMPLETED,3,DELIVERED_ON_TIME,1201.95
ORD-SYNTH-1349,Rice,FPO,BULK_PROCESSOR,Hubballi,Karnataka,3396.56,KG,57.39,55.96,55.96,2025-06-24,COMPLETED,2,DELIVERED_LATE,3801.43
ORD-SYNTH-1350,Wheat,FPO,RETAILER,Nashik,Maharashtra,1831.94,KG,25.43,23.67,23.67,2025-06-25,COMPLETED,5,DELIVERED_ON_TIME,867.24
ORD-SYNTH-1351,Tomato,FARMER,BULK_PROCESSOR,Hubballi,Karnataka,1479.48,KG,28.04,27.01,27.01,2025-06-25,COMPLETED,2,DELIVERED_ON_TIME,799.22
ORD-SYNTH-1352,Onion,FARMER,WHOLESALER,Nashik,Maharashtra,3757.36,KG,33.2,30.75,30.75,2025-06-26,COMPLETED,1,DELIVERED_ON_TIME,2310.78
ORD-SYNTH-1353,Potato,FPO,WHOLESALER,Pune,Maharashtra,4999.88,KG,24.91,24.03,24.03,2025-06-26,COMPLETED,3,DELIVERED_ON_TIME,2402.94
ORD-SYNTH-1354,Rice,FARMER,WHOLESALER,Hubballi,Karnataka,4324.65,KG,57.81,56.71,56.71,2025-06-27,COMPLETED,2,DELIVERED_ON_TIME,4905.02
ORD-SYNTH-1355,Wheat,FPO,BULK_PROCESSOR,Nashik,Maharashtra,734.86,KG,26.37,25.07,25.07,2025-06-27,COMPLETED,3,DELIVERED_ON_TIME,368.46
ORD-SYNTH-1356,Tomato,FARMER,BULK_PROCESSOR,Hubballi,Karnataka,2536.7,KG,29.03,27.8,27.8,2025-06-28,COMPLETED,2,DELIVERED_ON_TIME,1410.41
ORD-SYNTH-1357,Onion,FPO,BULK_PROCESSOR,Nashik,Maharashtra,642.2,KG,31.82,30.49,30.49,2025-06-28,COMPLETED,2,DELIVERED_ON_TIME,391.61
ORD-SYNTH-1358,Potato,FARMER,RETAILER,Pune,Maharashtra,1422.18,KG,24.77,22.93,22.93,2025-06-29,COMPLETED,2,DELIVERED_ON_TIME,652.21
ORD-SYNTH-1359,Rice,FPO,BULK_PROCESSOR,Hubballi,Karnataka,676.62,KG,54.55,54.54,54.54,2025-06-29,COMPLETED,3,DELIVERED_ON_TIME,738.06
ORD-SYNTH-1360,Wheat,FARMER,RETAILER,Nashik,Maharashtra,4217.65,KG,26.74,24.73,24.73,2025-06-30,COMPLETED,1,DELIVERED_ON_TIME,2086.05
ORD-SYNTH-1361,Tomato,FPO,BULK_PROCESSOR,Hubballi,Karnataka,407.47,KG,30.87,30.28,30.28,2025-06-30,COMPLETED,3,DELIVERED_ON_TIME,246.76
ORD-SYNTH-1362,Onion,FARMER,RETAILER,Nashik,Maharashtra,1171.6,KG,34.53,32.54,32.54,2025-07-01,COMPLETED,2,DELIVERED_ON_TIME,762.48
ORD-SYNTH-1363,Potato,FARMER,RETAILER,Pune,Maharashtra,1051.44,KG,24.53,23.67,23.67,2025-07-01,COMPLETED,2,DELIVERED_ON_TIME,497.75
ORD-SYNTH-1364,Rice,FARMER,BULK_PROCESSOR,Hubballi,Karnataka,4936.92,KG,57.94,56.96,56.96,2025-07-02,COMPLETED,2,DELIVERED_ON_TIME,5624.14
ORD-SYNTH-1365,Wheat,FPO,BULK_PROCESSOR,Nashik,Maharashtra,757.2,KG,26.23,25.83,25.83,2025-07-02,COMPLETED,1,DELIVERED_ON_TIME,391.17
ORD-SYNTH-1366,Tomato,FPO,RETAILER,Hubballi,Karnataka,2818.61,KG,31.81,29.67,29.67,2025-07-03,CANCELLED,2,CANCELLED,1672.56
ORD-SYNTH-1367,Onion,FARMER,RETAILER,Nashik,Maharashtra,1335.97,KG,34.92,32.45,32.45,2025-07-03,COMPLETED,1,DELIVERED_ON_TIME,867.04
ORD-SYNTH-1368,Potato,FPO,BULK_PROCESSOR,Pune,Maharashtra,2472.61,KG,21.28,20.59,20.59,2025-07-04,COMPLETED,1,DELIVERED_ON_TIME,1018.22
ORD-SYNTH-1369,Rice,FARMER,WHOLESALER,Hubballi,Karnataka,2505.17,KG,55.96,53.81,53.81,2025-07-04,COMPLETED,3,DELIVERED_ON_TIME,2696.06
ORD-SYNTH-1370,Wheat,FPO,RETAILER,Nashik,Maharashtra,1027.99,KG,24.54,22.63,22.63,2025-07-05,COMPLETED,3,DELIVERED_ON_TIME,465.27
ORD-SYNTH-1371,Tomato,FARMER,RETAILER,Hubballi,Karnataka,1791.89,KG,30.02,29.99,29.99,2025-07-05,COMPLETED,2,DELIVERED_LATE,1074.78
ORD-SYNTH-1372,Onion,FARMER,BULK_PROCESSOR,Nashik,Maharashtra,2882.17,KG,31.61,29.64,29.64,2025-07-06,COMPLETED,4,DELIVERED_ON_TIME,1708.55
ORD-SYNTH-1373,Potato,FPO,BULK_PROCESSOR,Pune,Maharashtra,1070.75,KG,23.94,23.71,23.71,2025-07-06,COMPLETED,2,DELIVERED_ON_TIME,507.75
ORD-SYNTH-1374,Rice,FPO,WHOLESALER,Hubballi,Karnataka,1861.81,KG,52.42,49.89,49.89,2025-07-07,COMPLETED,3,DELIVERED_ON_TIME,1857.71
ORD-SYNTH-1375,Wheat,FARMER,BULK_PROCESSOR,Nashik,Maharashtra,1114.22,KG,25.2,23.96,23.96,2025-07-07,COMPLETED,3,DELIVERED_ON_TIME,533.93
ORD-SYNTH-1376,Tomato,FPO,BULK_PROCESSOR,Hubballi,Karnataka,1357.07,KG,31.49,30.14,30.14,2025-07-08,COMPLETED,2,DELIVERED_ON_TIME,818.04
ORD-SYNTH-1377,Onion,FARMER,RETAILER,Nashik,Maharashtra,4132.23,KG,31.15,30.46,30.46,2025-07-08,COMPLETED,2,DELIVERED_ON_TIME,2517.35
ORD-SYNTH-1378,Potato,FPO,WHOLESALER,Pune,Maharashtra,3661.9,KG,21.45,21.12,21.12,2025-07-09,COMPLETED,3,DELIVERED_ON_TIME,1546.79
ORD-SYNTH-1379,Rice,FPO,BULK_PROCESSOR,Hubballi,Karnataka,673.01,KG,53.19,50.25,50.25,2025-07-09,COMPLETED,2,DELIVERED_ON_TIME,676.38
ORD-SYNTH-1380,Wheat,FPO,RETAILER,Nashik,Maharashtra,4697.84,KG,24.02,23.86,23.86,2025-07-10,COMPLETED,1,DELIVERED_ON_TIME,2241.81
ORD-SYNTH-1381,Tomato,FARMER,WHOLESALER,Hubballi,Karnataka,2932.29,KG,30.93,30.85,30.85,2025-07-10,COMPLETED,3,DELIVERED_ON_TIME,1809.22
ORD-SYNTH-1382,Onion,FARMER,BULK_PROCESSOR,Nashik,Maharashtra,369.53,KG,31.47,31.16,31.16,2025-07-11,COMPLETED,2,DELIVERED_LATE,230.29
ORD-SYNTH-1383,Potato,FARMER,WHOLESALER,Pune,Maharashtra,2342.91,KG,24.94,23.97,23.97,2025-07-11,COMPLETED,2,DELIVERED_ON_TIME,1123.19
ORD-SYNTH-1384,Rice,FPO,BULK_PROCESSOR,Hubballi,Karnataka,4834.41,KG,57.12,54.07,54.07,2025-07-12,COMPLETED,4,DELIVERED_ON_TIME,5227.93
ORD-SYNTH-1385,Wheat,FPO,WHOLESALER,Nashik,Maharashtra,675.01,KG,23.52,22.72,22.72,2025-07-12,CANCELLED,2,CANCELLED,306.72
ORD-SYNTH-1386,Tomato,FPO,BULK_PROCESSOR,Hubballi,Karnataka,1542.52,KG,26.84,25.33,25.33,2025-07-13,COMPLETED,4,DELIVERED_ON_TIME,781.44
ORD-SYNTH-1387,Onion,FARMER,RETAILER,Nashik,Maharashtra,4400.14,KG,32.27,31.22,31.22,2025-07-13,COMPLETED,2,DELIVERED_ON_TIME,2747.45
ORD-SYNTH-1388,Potato,FARMER,BULK_PROCESSOR,Pune,Maharashtra,1658.83,KG,22.9,22.27,22.27,2025-07-14,COMPLETED,4,DELIVERED_ON_TIME,738.84
ORD-SYNTH-1389,Rice,FARMER,WHOLESALER,Hubballi,Karnataka,4857.8,KG,62.62,58.73,58.73,2025-07-14,COMPLETED,1,DELIVERED_ON_TIME,5705.97
ORD-SYNTH-1390,Wheat,FPO,BULK_PROCESSOR,Nashik,Maharashtra,3581.74,KG,26.05,25.97,25.97,2025-07-15,COMPLETED,5,DELIVERED_ON_TIME,1860.36
ORD-SYNTH-1391,Tomato,FPO,RETAILER,Hubballi,Karnataka,3680.72,KG,30.28,29.81,29.81,2025-07-15,COMPLETED,3,DELIVERED_ON_TIME,2194.45
ORD-SYNTH-1392,Onion,FPO,RETAILER,Nashik,Maharashtra,2754.88,KG,34.93,34.8,34.8,2025-07-16,COMPLETED,3,DELIVERED_ON_TIME,1917.4
ORD-SYNTH-1393,Potato,FARMER,WHOLESALER,Pune,Maharashtra,2542.18,KG,23.48,22.45,22.45,2025-07-16,COMPLETED,3,DELIVERED_LATE,1141.44
ORD-SYNTH-1394,Rice,FPO,BULK_PROCESSOR,Hubballi,Karnataka,1987.44,KG,57.36,56.91,56.91,2025-07-17,COMPLETED,2,DELIVERED_ON_TIME,2262.1
ORD-SYNTH-1395,Wheat,FARMER,RETAILER,Nashik,Maharashtra,3736.55,KG,24.85,23.44,23.44,2025-07-17,COMPLETED,2,DELIVERED_ON_TIME,1751.69
ORD-SYNTH-1396,Tomato,FARMER,WHOLESALER,Hubballi,Karnataka,1086.38,KG,28.63,28.54,28.54,2025-07-18,COMPLETED,3,DELIVERED_ON_TIME,620.11
ORD-SYNTH-1397,Onion,FARMER,BULK_PROCESSOR,Nashik,Maharashtra,3570.23,KG,33.08,32.6,32.6,2025-07-18,COMPLETED,5,DELIVERED_ON_TIME,2327.79
ORD-SYNTH-1398,Potato,FARMER,WHOLESALER,Pune,Maharashtra,3120.18,KG,21.85,21.79,21.79,2025-07-19,CANCELLED,5,CANCELLED,1359.77
ORD-SYNTH-1399,Rice,FPO,RETAILER,Hubballi,Karnataka,3963.0,KG,55.52,52.65,52.65,2025-07-19,COMPLETED,1,DELIVERED_ON_TIME,4173.04
ORD-SYNTH-1400,Wheat,FARMER,WHOLESALER,Nashik,Maharashtra,3117.33,KG,23.45,22.39,22.39,2025-07-20,COMPLETED,2,DELIVERED_ON_TIME,1395.94
ORD-SYNTH-1401,Tomato,FPO,WHOLESALER,Hubballi,Karnataka,430.5,KG,30.71,29.13,29.13,2025-07-20,COMPLETED,2,DELIVERED_ON_TIME,250.81
ORD-SYNTH-1402,Onion,FPO,BULK_PROCESSOR,Nashik,Maharashtra,3829.28,KG,31.65,31.54,31.54,2025-07-21,COMPLETED,5,DELIVERED_ON_TIME,2415.51
ORD-SYNTH-1403,Potato,FARMER,WHOLESALER,Pune,Maharashtra,797.66,KG,21.57,21.56,21.56,2025-07-21,COMPLETED,3,DELIVERED_ON_TIME,343.95
ORD-SYNTH-1404,Rice,FPO,BULK_PROCESSOR,Hubballi,Karnataka,71.97,KG,61.86,58.92,58.92,2025-07-22,COMPLETED,3,DELIVERED_ON_TIME,84.81
ORD-SYNTH-1405,Wheat,FARMER,WHOLESALER,Nashik,Maharashtra,2120.37,KG,23.41,21.82,21.82,2025-07-22,COMPLETED,1,DELIVERED_ON_TIME,925.33
ORD-SYNTH-1406,Tomato,FPO,BULK_PROCESSOR,Hubballi,Karnataka,1631.78,KG,30.66,30.37,30.37,2025-07-23,COMPLETED,5,DELIVERED_ON_TIME,991.14
ORD-SYNTH-1407,Onion,FARMER,RETAILER,Nashik,Maharashtra,3237.91,KG,31.48,30.35,30.35,2025-07-23,COMPLETED,1,DELIVERED_ON_TIME,1965.41
ORD-SYNTH-1408,Potato,FPO,WHOLESALER,Pune,Maharashtra,1547.43,KG,23.19,22.81,22.81,2025-07-24,COMPLETED,3,DELIVERED_ON_TIME,705.94
ORD-SYNTH-1409,Rice,FPO,BULK_PROCESSOR,Hubballi,Karnataka,4167.99,KG,60.51,57.01,57.01,2025-07-24,COMPLETED,1,DELIVERED_LATE,4752.34
ORD-SYNTH-1410,Wheat,FPO,RETAILER,Nashik,Maharashtra,4779.92,KG,23.31,22.95,22.95,2025-07-25,COMPLETED,2,DELIVERED_ON_TIME,2193.98
ORD-SYNTH-1411,Tomato,FARMER,BULK_PROCESSOR,Hubballi,Karnataka,2198.14,KG,31.18,28.9,28.9,2025-07-25,COMPLETED,2,DELIVERED_ON_TIME,1270.52
ORD-SYNTH-1412,Onion,FPO,WHOLESALER,Nashik,Maharashtra,2246.05,KG,31.94,29.56,29.56,2025-07-26,COMPLETED,1,DELIVERED_ON_TIME,1327.86
ORD-SYNTH-1413,Potato,FPO,WHOLESALER,Pune,Maharashtra,1178.08,KG,23.45,22.51,22.51,2025-07-26,COMPLETED,1,DELIVERED_ON_TIME,530.37
ORD-SYNTH-1414,Rice,FARMER,RETAILER,Hubballi,Karnataka,3538.18,KG,61.45,57.48,57.48,2025-07-27,COMPLETED,3,DELIVERED_ON_TIME,4067.49
ORD-SYNTH-1415,Wheat,FPO,WHOLESALER,Nashik,Maharashtra,3746.41,KG,27.43,26.63,26.63,2025-07-27,COMPLETED,3,DELIVERED_ON_TIME,1995.34
ORD-SYNTH-1416,Tomato,FARMER,RETAILER,Hubballi,Karnataka,1687.85,KG,29.21,29.13,29.13,2025-07-28,COMPLETED,3,DELIVERED_ON_TIME,983.34
ORD-SYNTH-1417,Onion,FARMER,RETAILER,Nashik,Maharashtra,2257.14,KG,33.87,33.4,33.4,2025-07-28,COMPLETED,4,DELIVERED_ON_TIME,1507.77
ORD-SYNTH-1418,Potato,FPO,RETAILER,Pune,Maharashtra,4773.95,KG,24.93,24.16,24.16,2025-07-29,COMPLETED,2,DELIVERED_ON_TIME,2306.77
ORD-SYNTH-1419,Rice,FARMER,RETAILER,Hubballi,Karnataka,4340.51,KG,55.88,53.51,53.51,2025-07-29,COMPLETED,3,DELIVERED_ON_TIME,4645.21
ORD-SYNTH-1420,Wheat,FARMER,WHOLESALER,Nashik,Maharashtra,1680.53,KG,24.89,23.99,23.99,2025-07-30,COMPLETED,2,DELIVERED_LATE,806.32
ORD-SYNTH-1421,Tomato,FARMER,RETAILER,Hubballi,Karnataka,4449.68,KG,31.9,30.78,30.78,2025-07-30,COMPLETED,3,DELIVERED_ON_TIME,2739.22
ORD-SYNTH-1422,Onion,FARMER,BULK_PROCESSOR,Nashik,Maharashtra,3737.19,KG,32.04,31.21,31.21,2025-07-31,COMPLETED,2,DELIVERED_ON_TIME,2332.75
ORD-SYNTH-1423,Potato,FARMER,BULK_PROCESSOR,Pune,Maharashtra,212.43,KG,22.6,22.15,22.15,2025-07-31,COMPLETED,2,DELIVERED_ON_TIME,94.11
ORD-SYNTH-1424,Rice,FARMER,BULK_PROCESSOR,Hubballi,Karnataka,4588.29,KG,57.14,55.27,55.27,2025-08-01,COMPLETED,2,DELIVERED_ON_TIME,5071.9
ORD-SYNTH-1425,Wheat,FPO,WHOLESALER,Nashik,Maharashtra,316.65,KG,24.87,23.82,23.82,2025-08-01,COMPLETED,2,DELIVERED_ON_TIME,150.85
ORD-SYNTH-1426,Tomato,FARMER,RETAILER,Hubballi,Karnataka,1071.01,KG,31.4,29.19,29.19,2025-08-02,COMPLETED,2,DELIVERED_LATE,625.26
ORD-SYNTH-1427,Onion,FARMER,BULK_PROCESSOR,Nashik,Maharashtra,566.67,KG,36.01,33.74,33.74,2025-08-02,COMPLETED,2,DELIVERED_ON_TIME,382.39
ORD-SYNTH-1428,Potato,FPO,BULK_PROCESSOR,Pune,Maharashtra,1252.67,KG,24.03,23.47,23.47,2025-08-03,COMPLETED,1,DELIVERED_ON_TIME,588.0
ORD-SYNTH-1429,Rice,FPO,RETAILER,Hubballi,Karnataka,2055.39,KG,58.84,57.43,57.43,2025-08-03,COMPLETED,1,DELIVERED_ON_TIME,2360.82
ORD-SYNTH-1430,Wheat,FPO,BULK_PROCESSOR,Nashik,Maharashtra,4455.4,KG,25.42,25.08,25.08,2025-08-04,COMPLETED,2,DELIVERED_ON_TIME,2234.83
ORD-SYNTH-1431,Tomato,FPO,BULK_PROCESSOR,Hubballi,Karnataka,1995.71,KG,29.17,28.83,28.83,2025-08-04,COMPLETED,2,DELIVERED_ON_TIME,1150.73
ORD-SYNTH-1432,Onion,FARMER,RETAILER,Nashik,Maharashtra,652.33,KG,30.87,29.87,29.87,2025-08-05,COMPLETED,2,DELIVERED_ON_TIME,389.7
ORD-SYNTH-1433,Potato,FARMER,RETAILER,Pune,Maharashtra,3918.26,KG,20.99,19.48,19.48,2025-08-05,COMPLETED,3,DELIVERED_ON_TIME,1526.55
ORD-SYNTH-1434,Rice,FPO,RETAILER,Hubballi,Karnataka,702.43,KG,59.8,59.22,59.22,2025-08-06,COMPLETED,2,DELIVERED_ON_TIME,831.96
ORD-SYNTH-1435,Wheat,FPO,WHOLESALER,Nashik,Maharashtra,2387.94,KG,26.75,25.25,25.25,2025-08-06,COMPLETED,5,DELIVERED_ON_TIME,1205.91
ORD-SYNTH-1436,Tomato,FARMER,BULK_PROCESSOR,Hubballi,Karnataka,645.9,KG,27.61,26.18,26.18,2025-08-07,COMPLETED,3,DELIVERED_ON_TIME,338.19
ORD-SYNTH-1437,Onion,FPO,WHOLESALER,Nashik,Maharashtra,3441.18,KG,32.5,31.67,31.67,2025-08-07,COMPLETED,5,DELIVERED_ON_TIME,2179.64
ORD-SYNTH-1438,Potato,FPO,WHOLESALER,Pune,Maharashtra,2608.1,KG,24.92,24.79,24.79,2025-08-08,COMPLETED,3,DELIVERED_ON_TIME,1293.1
ORD-SYNTH-1439,Rice,FPO,RETAILER,Hubballi,Karnataka,3098.79,KG,54.62,54.04,54.04,2025-08-08,COMPLETED,2,DELIVERED_ON_TIME,3349.17
ORD-SYNTH-1440,Wheat,FARMER,WHOLESALER,Nashik,Maharashtra,1274.43,KG,23.03,22.18,22.18,2025-08-09,COMPLETED,1,DELIVERED_ON_TIME,565.34
ORD-SYNTH-1441,Tomato,FARMER,RETAILER,Hubballi,Karnataka,4875.05,KG,26.61,24.64,24.64,2025-08-09,COMPLETED,3,DELIVERED_LATE,2402.42
ORD-SYNTH-1442,Onion,FARMER,RETAILER,Nashik,Maharashtra,2333.21,KG,33.28,31.47,31.47,2025-08-10,COMPLETED,3,DELIVERED_ON_TIME,1468.52
ORD-SYNTH-1443,Potato,FARMER,WHOLESALER,Pune,Maharashtra,3591.84,KG,21.8,20.12,20.12,2025-08-10,COMPLETED,1,DELIVERED_ON_TIME,1445.36
ORD-SYNTH-1444,Rice,FARMER,BULK_PROCESSOR,Hubballi,Karnataka,3927.5,KG,56.95,54.09,54.09,2025-08-11,COMPLETED,2,DELIVERED_LATE,4248.77
ORD-SYNTH-1445,Wheat,FPO,WHOLESALER,Nashik,Maharashtra,1300.98,KG,23.14,21.34,21.34,2025-08-11,COMPLETED,2,DELIVERED_ON_TIME,555.26
ORD-SYNTH-1446,Tomato,FPO,WHOLESALER,Hubballi,Karnataka,3067.61,KG,30.96,29.38,29.38,2025-08-12,COMPLETED,5,DELIVERED_LATE,1802.53
ORD-SYNTH-1447,Onion,FPO,BULK_PROCESSOR,Nashik,Maharashtra,2573.34,KG,32.15,30.85,30.85,2025-08-12,COMPLETED,2,DELIVERED_ON_TIME,1587.75
ORD-SYNTH-1448,Potato,FPO,BULK_PROCESSOR,Pune,Maharashtra,3719.45,KG,24.26,22.4,22.4,2025-08-13,COMPLETED,2,DELIVERED_ON_TIME,1666.31
ORD-SYNTH-1449,Rice,FPO,WHOLESALER,Hubballi,Karnataka,2619.73,KG,62.98,59.52,59.52,2025-08-13,COMPLETED,2,DELIVERED_ON_TIME,3118.53
ORD-SYNTH-1450,Wheat,FPO,RETAILER,Nashik,Maharashtra,633.77,KG,26.75,25.17,25.17,2025-08-14,COMPLETED,1,DELIVERED_ON_TIME,319.04
ORD-SYNTH-1451,Tomato,FPO,BULK_PROCESSOR,Hubballi,Karnataka,977.54,KG,28.09,26.94,26.94,2025-08-14,COMPLETED,2,DELIVERED_ON_TIME,526.7
ORD-SYNTH-1452,Onion,FARMER,BULK_PROCESSOR,Nashik,Maharashtra,3151.26,KG,33.43,33.32,33.32,2025-08-15,COMPLETED,2,DELIVERED_ON_TIME,2100.0
ORD-SYNTH-1453,Potato,FARMER,WHOLESALER,Pune,Maharashtra,4441.93,KG,21.97,20.95,20.95,2025-08-15,COMPLETED,3,DELIVERED_LATE,1861.17
ORD-SYNTH-1454,Rice,FPO,WHOLESALER,Hubballi,Karnataka,2537.38,KG,58.52,54.88,54.88,2025-08-16,COMPLETED,1,DELIVERED_ON_TIME,2785.03
ORD-SYNTH-1455,Wheat,FPO,RETAILER,Nashik,Maharashtra,4910.95,KG,25.95,24.89,24.89,2025-08-16,COMPLETED,5,DELIVERED_ON_TIME,2444.67
ORD-SYNTH-1456,Tomato,FARMER,BULK_PROCESSOR,Hubballi,Karnataka,2935.75,KG,30.85,30.58,30.58,2025-08-17,COMPLETED,1,DELIVERED_ON_TIME,1795.5
ORD-SYNTH-1457,Onion,FPO,RETAILER,Nashik,Maharashtra,1648.28,KG,33.47,32.5,32.5,2025-08-17,COMPLETED,4,DELIVERED_LATE,1071.38
ORD-SYNTH-1458,Potato,FARMER,WHOLESALER,Pune,Maharashtra,3121.75,KG,21.91,20.46,20.46,2025-08-18,COMPLETED,3,DELIVERED_ON_TIME,1277.42
ORD-SYNTH-1459,Rice,FARMER,WHOLESALER,Hubballi,Karnataka,1787.41,KG,53.31,49.06,49.06,2025-08-18,COMPLETED,5,DELIVERED_LATE,1753.81
ORD-SYNTH-1460,Wheat,FARMER,WHOLESALER,Nashik,Maharashtra,1629.77,KG,25.6,23.8,23.8,2025-08-19,COMPLETED,4,DELIVERED_ON_TIME,775.77
ORD-SYNTH-1461,Tomato,FPO,BULK_PROCESSOR,Hubballi,Karnataka,1209.67,KG,28.49,27.18,27.18,2025-08-19,COMPLETED,3,DELIVERED_ON_TIME,657.58
ORD-SYNTH-1462,Onion,FPO,WHOLESALER,Nashik,Maharashtra,4715.44,KG,33.97,32.88,32.88,2025-08-20,COMPLETED,2,DELIVERED_ON_TIME,3100.87
ORD-SYNTH-1463,Potato,FPO,WHOLESALER,Pune,Maharashtra,3967.86,KG,23.77,23.64,23.64,2025-08-20,COMPLETED,2,DELIVERED_ON_TIME,1876.0
ORD-SYNTH-1464,Rice,FARMER,WHOLESALER,Hubballi,Karnataka,3061.81,KG,60.93,57.78,57.78,2025-08-21,COMPLETED,3,DELIVERED_LATE,3538.23
ORD-SYNTH-1465,Wheat,FARMER,WHOLESALER,Nashik,Maharashtra,473.89,KG,27.13,25.34,25.34,2025-08-21,COMPLETED,2,DELIVERED_ON_TIME,240.17
ORD-SYNTH-1466,Tomato,FPO,RETAILER,Hubballi,Karnataka,346.94,KG,32.01,29.88,29.88,2025-08-22,COMPLETED,3,DELIVERED_ON_TIME,207.33
ORD-SYNTH-1467,Onion,FARMER,RETAILER,Nashik,Maharashtra,1761.69,KG,32.55,32.14,32.14,2025-08-22,COMPLETED,2,DELIVERED_ON_TIME,1132.41
ORD-SYNTH-1468,Potato,FPO,RETAILER,Pune,Maharashtra,2343.03,KG,24.56,24.0,24.0,2025-08-23,COMPLETED,3,DELIVERED_LATE,1124.65
ORD-SYNTH-1469,Rice,FARMER,WHOLESALER,Hubballi,Karnataka,99.32,KG,61.54,57.26,57.26,2025-08-23,COMPLETED,4,DELIVERED_ON_TIME,113.74
ORD-SYNTH-1470,Wheat,FPO,RETAILER,Nashik,Maharashtra,79.68,KG,26.97,26.01,26.01,2025-08-24,COMPLETED,3,DELIVERED_ON_TIME,41.45
ORD-SYNTH-1471,Tomato,FARMER,BULK_PROCESSOR,Hubballi,Karnataka,4058.34,KG,32.19,31.01,31.01,2025-08-24,COMPLETED,4,DELIVERED_ON_TIME,2516.98
ORD-SYNTH-1472,Onion,FARMER,WHOLESALER,Nashik,Maharashtra,1184.34,KG,33.24,31.35,31.35,2025-08-25,COMPLETED,1,DELIVERED_ON_TIME,742.58
ORD-SYNTH-1473,Potato,FARMER,RETAILER,Pune,Maharashtra,462.29,KG,22.89,22.55,22.55,2025-08-25,COMPLETED,3,DELIVERED_ON_TIME,208.49
ORD-SYNTH-1474,Rice,FPO,RETAILER,Hubballi,Karnataka,1084.55,KG,62.29,61.75,61.75,2025-08-26,COMPLETED,2,DELIVERED_ON_TIME,1339.42
ORD-SYNTH-1475,Wheat,FARMER,WHOLESALER,Nashik,Maharashtra,792.84,KG,27.55,25.71,25.71,2025-08-26,COMPLETED,2,DELIVERED_ON_TIME,407.68
ORD-SYNTH-1476,Tomato,FPO,WHOLESALER,Hubballi,Karnataka,4731.12,KG,27.49,26.85,26.85,2025-08-27,COMPLETED,1,DELIVERED_ON_TIME,2540.61
ORD-SYNTH-1477,Onion,FARMER,RETAILER,Nashik,Maharashtra,1561.02,KG,36.32,33.76,33.76,2025-08-27,COMPLETED,2,DELIVERED_ON_TIME,1054.0
ORD-SYNTH-1478,Potato,FPO,RETAILER,Pune,Maharashtra,4244.09,KG,23.79,22.46,22.46,2025-08-28,COMPLETED,2,DELIVERED_ON_TIME,1906.45
ORD-SYNTH-1479,Rice,FPO,BULK_PROCESSOR,Hubballi,Karnataka,1945.26,KG,57.48,56.36,56.36,2025-08-28,COMPLETED,2,DELIVERED_ON_TIME,2192.7
ORD-SYNTH-1480,Wheat,FARMER,WHOLESALER,Nashik,Maharashtra,4588.68,KG,27.52,27.48,27.48,2025-08-29,COMPLETED,4,DELIVERED_ON_TIME,2521.94
ORD-SYNTH-1481,Tomato,FPO,BULK_PROCESSOR,Hubballi,Karnataka,1731.49,KG,29.15,26.86,26.86,2025-08-29,COMPLETED,1,DELIVERED_ON_TIME,930.16
ORD-SYNTH-1482,Onion,FPO,BULK_PROCESSOR,Nashik,Maharashtra,746.88,KG,30.67,29.36,29.36,2025-08-30,COMPLETED,3,DELIVERED_ON_TIME,438.57
ORD-SYNTH-1483,Potato,FARMER,RETAILER,Pune,Maharashtra,412.43,KG,23.98,22.5,22.5,2025-08-30,COMPLETED,4,DELIVERED_LATE,185.59
ORD-SYNTH-1484,Rice,FARMER,WHOLESALER,Hubballi,Karnataka,1932.61,KG,53.22,49.95,49.95,2025-08-31,COMPLETED,2,DELIVERED_ON_TIME,1930.68
ORD-SYNTH-1485,Wheat,FARMER,RETAILER,Nashik,Maharashtra,905.17,KG,26.14,25.99,25.99,2025-08-31,COMPLETED,1,DELIVERED_ON_TIME,470.51
ORD-SYNTH-1486,Tomato,FPO,WHOLESALER,Hubballi,Karnataka,3018.36,KG,29.76,27.43,27.43,2025-09-01,COMPLETED,3,DELIVERED_ON_TIME,1655.87
ORD-SYNTH-1487,Onion,FPO,WHOLESALER,Nashik,Maharashtra,2709.44,KG,32.12,31.73,31.73,2025-09-01,COMPLETED,2,DELIVERED_ON_TIME,1719.41
ORD-SYNTH-1488,Potato,FPO,RETAILER,Pune,Maharashtra,4517.1,KG,24.88,24.86,24.86,2025-09-02,COMPLETED,3,DELIVERED_ON_TIME,2245.9
ORD-SYNTH-1489,Rice,FPO,RETAILER,Hubballi,Karnataka,1792.99,KG,59.72,58.56,58.56,2025-09-02,COMPLETED,2,DELIVERED_LATE,2099.95
ORD-SYNTH-1490,Wheat,FPO,RETAILER,Nashik,Maharashtra,2822.95,KG,26.71,26.62,26.62,2025-09-03,COMPLETED,2,DELIVERED_ON_TIME,1502.94
ORD-SYNTH-1491,Tomato,FARMER,BULK_PROCESSOR,Hubballi,Karnataka,2910.0,KG,28.38,27.43,27.43,2025-09-03,COMPLETED,2,DELIVERED_ON_TIME,1596.43
ORD-SYNTH-1492,Onion,FPO,BULK_PROCESSOR,Nashik,Maharashtra,1495.12,KG,36.77,34.32,34.32,2025-09-04,COMPLETED,3,DELIVERED_ON_TIME,1026.25
ORD-SYNTH-1493,Potato,FARMER,WHOLESALER,Pune,Maharashtra,3743.16,KG,21.17,20.88,20.88,2025-09-04,COMPLETED,2,DELIVERED_ON_TIME,1563.14
ORD-SYNTH-1494,Rice,FARMER,BULK_PROCESSOR,Hubballi,Karnataka,87.24,KG,60.8,58.55,58.55,2025-09-05,COMPLETED,1,DELIVERED_ON_TIME,102.16
ORD-SYNTH-1495,Wheat,FPO,WHOLESALER,Nashik,Maharashtra,2266.56,KG,24.99,24.47,24.47,2025-09-05,COMPLETED,2,DELIVERED_ON_TIME,1109.25
ORD-SYNTH-1496,Tomato,FPO,WHOLESALER,Hubballi,Karnataka,4640.21,KG,27.44,25.62,25.62,2025-09-06,COMPLETED,3,DELIVERED_ON_TIME,2377.64
ORD-SYNTH-1497,Onion,FARMER,BULK_PROCESSOR,Nashik,Maharashtra,1584.16,KG,34.57,32.05,32.05,2025-09-06,COMPLETED,2,DELIVERED_LATE,1015.45
ORD-SYNTH-1498,Potato,FARMER,RETAILER,Pune,Maharashtra,2955.09,KG,21.71,21.68,21.68,2025-09-07,COMPLETED,1,DELIVERED_ON_TIME,1281.33
ORD-SYNTH-1499,Rice,FARMER,WHOLESALER,Hubballi,Karnataka,3551.94,KG,56.25,56.15,56.15,2025-09-07,COMPLETED,2,DELIVERED_ON_TIME,3988.83
ORD-SYNTH-1500,Wheat,FPO,BULK_PROCESSOR,Nashik,Maharashtra,2739.19,KG,25.29,24.07,24.07,2025-09-08,COMPLETED,1,DELIVERED_ON_TIME,1318.65
ORD-SYNTH-1501,Tomato,FPO,RETAILER,Hubballi,Karnataka,2835.12,KG,28.04,28.02,28.02,2025-09-08,COMPLETED,2,DELIVERED_ON_TIME,1588.8
ORD-SYNTH-1502,Onion,FPO,BULK_PROCESSOR,Nashik,Maharashtra,457.17,KG,31.05,30.04,30.04,2025-09-09,COMPLETED,2,DELIVERED_ON_TIME,274.67
ORD-SYNTH-1503,Potato,FPO,BULK_PROCESSOR,Pune,Maharashtra,90.53,KG,24.82,23.31,23.31,2025-09-09,COMPLETED,3,DELIVERED_ON_TIME,42.21
ORD-SYNTH-1504,Rice,FARMER,WHOLESALER,Hubballi,Karnataka,4762.96,KG,53.96,53.31,53.31,2025-09-10,COMPLETED,3,DELIVERED_ON_TIME,5078.27
ORD-SYNTH-1505,Wheat,FARMER,BULK_PROCESSOR,Nashik,Maharashtra,4223.32,KG,23.12,21.32,21.32,2025-09-10,COMPLETED,2,DELIVERED_ON_TIME,1800.82
ORD-SYNTH-1506,Tomato,FARMER,BULK_PROCESSOR,Hubballi,Karnataka,2082.17,KG,30.81,30.48,30.48,2025-09-11,COMPLETED,1,DELIVERED_ON_TIME,1269.29
ORD-SYNTH-1507,Onion,FARMER,RETAILER,Nashik,Maharashtra,339.42,KG,33.26,32.78,32.78,2025-09-11,COMPLETED,4,DELIVERED_LATE,222.52
ORD-SYNTH-1508,Potato,FARMER,RETAILER,Pune,Maharashtra,1587.87,KG,23.27,22.61,22.61,2025-09-12,COMPLETED,2,DELIVERED_ON_TIME,718.03
ORD-SYNTH-1509,Rice,FARMER,WHOLESALER,Hubballi,Karnataka,4125.61,KG,54.57,51.48,51.48,2025-09-12,COMPLETED,5,DELIVERED_ON_TIME,4247.73
ORD-SYNTH-1510,Wheat,FPO,WHOLESALER,Nashik,Maharashtra,666.11,KG,25.0,23.64,23.64,2025-09-13,COMPLETED,2,DELIVERED_ON_TIME,314.94
ORD-SYNTH-1511,Tomato,FPO,BULK_PROCESSOR,Hubballi,Karnataka,3747.94,KG,30.12,29.1,29.1,2025-09-13,COMPLETED,2,DELIVERED_ON_TIME,2181.3
ORD-SYNTH-1512,Onion,FPO,WHOLESALER,Nashik,Maharashtra,1643.22,KG,36.35,34.03,34.03,2025-09-14,COMPLETED,1,DELIVERED_ON_TIME,1118.38
ORD-SYNTH-1513,Potato,FPO,RETAILER,Pune,Maharashtra,133.26,KG,24.42,23.34,23.34,2025-09-14,COMPLETED,1,DELIVERED_ON_TIME,62.21
ORD-SYNTH-1514,Rice,FARMER,BULK_PROCESSOR,Hubballi,Karnataka,1668.41,KG,58.4,56.17,56.17,2025-09-15,COMPLETED,1,DELIVERED_LATE,1874.29
ORD-SYNTH-1515,Wheat,FARMER,RETAILER,Nashik,Maharashtra,2117.28,KG,26.21,24.66,24.66,2025-09-15,COMPLETED,2,DELIVERED_ON_TIME,1044.24
ORD-SYNTH-1516,Tomato,FPO,RETAILER,Hubballi,Karnataka,4937.38,KG,29.22,27.92,27.92,2025-09-16,COMPLETED,3,DELIVERED_ON_TIME,2757.03
ORD-SYNTH-1517,Onion,FARMER,BULK_PROCESSOR,Nashik,Maharashtra,111.4,KG,34.32,33.84,33.84,2025-09-16,COMPLETED,1,DELIVERED_ON_TIME,75.4
ORD-SYNTH-1518,Potato,FARMER,WHOLESALER,Pune,Maharashtra,2717.34,KG,23.26,22.02,22.02,2025-09-17,COMPLETED,4,DELIVERED_ON_TIME,1196.72
ORD-SYNTH-1519,Rice,FPO,WHOLESALER,Hubballi,Karnataka,3226.8,KG,58.19,53.78,53.78,2025-09-17,COMPLETED,2,DELIVERED_ON_TIME,3470.75
ORD-SYNTH-1520,Wheat,FARMER,BULK_PROCESSOR,Nashik,Maharashtra,2271.18,KG,24.04,22.21,22.21,2025-09-18,COMPLETED,2,DELIVERED_ON_TIME,1008.86
ORD-SYNTH-1521,Tomato,FPO,BULK_PROCESSOR,Hubballi,Karnataka,3495.51,KG,27.14,26.57,26.57,2025-09-18,COMPLETED,1,DELIVERED_ON_TIME,1857.51
ORD-SYNTH-1522,Onion,FPO,WHOLESALER,Nashik,Maharashtra,966.36,KG,36.23,33.93,33.93,2025-09-19,COMPLETED,1,DELIVERED_ON_TIME,655.77
ORD-SYNTH-1523,Potato,FARMER,WHOLESALER,Pune,Maharashtra,2678.92,KG,25.21,24.0,24.0,2025-09-19,COMPLETED,1,DELIVERED_ON_TIME,1285.88
ORD-SYNTH-1524,Rice,FARMER,WHOLESALER,Hubballi,Karnataka,924.36,KG,60.26,58.21,58.21,2025-09-20,COMPLETED,2,DELIVERED_ON_TIME,1076.14
ORD-SYNTH-1525,Wheat,FARMER,RETAILER,Nashik,Maharashtra,2566.3,KG,26.1,25.47,25.47,2025-09-20,COMPLETED,3,DELIVERED_ON_TIME,1307.27
ORD-SYNTH-1526,Tomato,FPO,WHOLESALER,Hubballi,Karnataka,286.89,KG,31.15,30.21,30.21,2025-09-21,COMPLETED,5,DELIVERED_ON_TIME,173.34
ORD-SYNTH-1527,Onion,FARMER,BULK_PROCESSOR,Nashik,Maharashtra,1636.92,KG,32.26,31.08,31.08,2025-09-21,COMPLETED,3,DELIVERED_ON_TIME,1017.51
ORD-SYNTH-1528,Potato,FPO,WHOLESALER,Pune,Maharashtra,2233.87,KG,23.31,22.14,22.14,2025-09-22,COMPLETED,1,DELIVERED_ON_TIME,989.16
ORD-SYNTH-1529,Rice,FARMER,RETAILER,Hubballi,Karnataka,2732.82,KG,54.12,50.53,50.53,2025-09-22,CANCELLED,2,CANCELLED,2761.79
ORD-SYNTH-1530,Wheat,FARMER,RETAILER,Nashik,Maharashtra,2805.69,KG,23.49,21.96,21.96,2025-09-23,COMPLETED,2,DELIVERED_ON_TIME,1232.26
ORD-SYNTH-1531,Tomato,FPO,BULK_PROCESSOR,Hubballi,Karnataka,204.04,KG,28.4,28.0,28.0,2025-09-23,CANCELLED,2,CANCELLED,114.26
ORD-SYNTH-1532,Onion,FARMER,BULK_PROCESSOR,Nashik,Maharashtra,4738.71,KG,35.59,33.34,33.34,2025-09-24,COMPLETED,4,DELIVERED_ON_TIME,3159.77
ORD-SYNTH-1533,Potato,FPO,BULK_PROCESSOR,Pune,Maharashtra,2946.62,KG,24.61,24.58,24.58,2025-09-24,COMPLETED,2,DELIVERED_ON_TIME,1448.56
ORD-SYNTH-1534,Rice,FPO,BULK_PROCESSOR,Hubballi,Karnataka,879.63,KG,58.33,55.26,55.26,2025-09-25,COMPLETED,2,DELIVERED_ON_TIME,972.17
ORD-SYNTH-1535,Wheat,FARMER,RETAILER,Nashik,Maharashtra,3998.67,KG,24.31,23.41,23.41,2025-09-25,COMPLETED,3,DELIVERED_ON_TIME,1872.18
ORD-SYNTH-1536,Tomato,FPO,WHOLESALER,Hubballi,Karnataka,4840.61,KG,31.72,29.6,29.6,2025-09-26,COMPLETED,1,DELIVERED_ON_TIME,2865.64
ORD-SYNTH-1537,Onion,FARMER,RETAILER,Nashik,Maharashtra,4999.4,KG,34.03,32.17,32.17,2025-09-26,COMPLETED,2,DELIVERED_ON_TIME,3216.61
ORD-SYNTH-1538,Potato,FPO,BULK_PROCESSOR,Pune,Maharashtra,1613.75,KG,24.33,22.8,22.8,2025-09-27,COMPLETED,4,DELIVERED_ON_TIME,735.87
ORD-SYNTH-1539,Rice,FPO,WHOLESALER,Hubballi,Karnataka,1120.81,KG,55.55,53.1,53.1,2025-09-27,COMPLETED,4,DELIVERED_LATE,1190.3
ORD-SYNTH-1540,Wheat,FARMER,WHOLESALER,Nashik,Maharashtra,3324.65,KG,23.73,22.51,22.51,2025-09-28,COMPLETED,1,DELIVERED_ON_TIME,1496.76
ORD-SYNTH-1541,Tomato,FARMER,RETAILER,Hubballi,Karnataka,4907.57,KG,26.7,26.24,26.24,2025-09-28,COMPLETED,2,DELIVERED_LATE,2575.49
ORD-SYNTH-1542,Onion,FPO,BULK_PROCESSOR,Nashik,Maharashtra,3335.73,KG,32.9,31.45,31.45,2025-09-29,COMPLETED,1,DELIVERED_ON_TIME,2098.17
ORD-SYNTH-1543,Potato,FARMER,BULK_PROCESSOR,Pune,Maharashtra,803.41,KG,23.32,23.11,23.11,2025-09-29,COMPLETED,1,DELIVERED_LATE,371.34
ORD-SYNTH-1544,Rice,FPO,RETAILER,Hubballi,Karnataka,1596.72,KG,53.28,51.32,51.32,2025-09-30,COMPLETED,3,DELIVERED_ON_TIME,1638.87
ORD-SYNTH-1545,Wheat,FPO,RETAILER,Nashik,Maharashtra,3103.41,KG,27.18,25.73,25.73,2025-09-30,COMPLETED,3,DELIVERED_ON_TIME,1597.01
ORD-SYNTH-1546,Tomato,FARMER,RETAILER,Hubballi,Karnataka,2895.77,KG,31.87,31.45,31.45,2025-10-01,COMPLETED,2,DELIVERED_ON_TIME,1821.44
ORD-SYNTH-1547,Onion,FPO,RETAILER,Nashik,Maharashtra,323.38,KG,33.8,31.41,31.41,2025-10-01,COMPLETED,4,DELIVERED_ON_TIME,203.15
ORD-SYNTH-1548,Potato,FARMER,RETAILER,Pune,Maharashtra,4433.57,KG,23.99,23.97,23.97,2025-10-02,COMPLETED,2,DELIVERED_ON_TIME,2125.45
ORD-SYNTH-1549,Rice,FPO,RETAILER,Hubballi,Karnataka,3141.52,KG,55.74,52.38,52.38,2025-10-02,COMPLETED,2,DELIVERED_ON_TIME,3291.06
ORD-SYNTH-1550,Wheat,FPO,RETAILER,Nashik,Maharashtra,4805.33,KG,25.25,23.32,23.32,2025-10-03,COMPLETED,4,DELIVERED_ON_TIME,2241.21
ORD-SYNTH-1551,Tomato,FPO,WHOLESALER,Hubballi,Karnataka,2560.23,KG,30.78,29.78,29.78,2025-10-03,COMPLETED,3,DELIVERED_ON_TIME,1524.87
ORD-SYNTH-1552,Onion,FPO,BULK_PROCESSOR,Nashik,Maharashtra,1438.52,KG,30.78,30.69,30.69,2025-10-04,COMPLETED,1,DELIVERED_ON_TIME,882.96
ORD-SYNTH-1553,Potato,FARMER,WHOLESALER,Pune,Maharashtra,2385.63,KG,24.22,23.58,23.58,2025-10-04,COMPLETED,2,DELIVERED_ON_TIME,1125.06
ORD-SYNTH-1554,Rice,FPO,RETAILER,Hubballi,Karnataka,2295.1,KG,56.07,52.14,52.14,2025-10-05,COMPLETED,2,DELIVERED_ON_TIME,2393.33
ORD-SYNTH-1555,Wheat,FARMER,RETAILER,Nashik,Maharashtra,2166.87,KG,23.45,22.45,22.45,2025-10-05,COMPLETED,5,DELIVERED_ON_TIME,972.92
ORD-SYNTH-1556,Tomato,FARMER,BULK_PROCESSOR,Hubballi,Karnataka,1359.22,KG,28.89,28.78,28.78,2025-10-06,COMPLETED,2,DELIVERED_ON_TIME,782.37
ORD-SYNTH-1557,Onion,FPO,WHOLESALER,Nashik,Maharashtra,97.04,KG,35.89,34.83,34.83,2025-10-06,COMPLETED,3,DELIVERED_ON_TIME,67.6
ORD-SYNTH-1558,Potato,FARMER,WHOLESALER,Pune,Maharashtra,60.2,KG,20.98,19.89,19.89,2025-10-07,COMPLETED,3,DELIVERED_ON_TIME,23.95
ORD-SYNTH-1559,Rice,FARMER,WHOLESALER,Hubballi,Karnataka,4063.22,KG,62.68,57.89,57.89,2025-10-07,COMPLETED,2,DELIVERED_ON_TIME,4704.4
ORD-SYNTH-1560,Wheat,FPO,WHOLESALER,Nashik,Maharashtra,783.0,KG,26.66,26.48,26.48,2025-10-08,COMPLETED,3,DELIVERED_ON_TIME,414.68
ORD-SYNTH-1561,Tomato,FPO,RETAILER,Hubballi,Karnataka,433.41,KG,32.1,30.86,30.86,2025-10-08,CANCELLED,4,CANCELLED,267.5
ORD-SYNTH-1562,Onion,FPO,WHOLESALER,Nashik,Maharashtra,1097.49,KG,30.8,29.78,29.78,2025-10-09,COMPLETED,1,DELIVERED_ON_TIME,653.67
ORD-SYNTH-1563,Potato,FARMER,RETAILER,Pune,Maharashtra,3688.34,KG,24.47,24.01,24.01,2025-10-09,COMPLETED,2,DELIVERED_ON_TIME,1771.14
ORD-SYNTH-1564,Rice,FPO,BULK_PROCESSOR,Hubballi,Karnataka,139.74,KG,58.94,54.56,54.56,2025-10-10,COMPLETED,2,DELIVERED_ON_TIME,152.48
ORD-SYNTH-1565,Wheat,FARMER,BULK_PROCESSOR,Nashik,Maharashtra,4060.66,KG,23.27,22.94,22.94,2025-10-10,COMPLETED,2,DELIVERED_ON_TIME,1863.03
ORD-SYNTH-1566,Tomato,FPO,WHOLESALER,Hubballi,Karnataka,2195.86,KG,27.48,25.3,25.3,2025-10-11,COMPLETED,1,DELIVERED_ON_TIME,1111.11
ORD-SYNTH-1567,Onion,FARMER,RETAILER,Nashik,Maharashtra,2611.07,KG,33.36,32.61,32.61,2025-10-11,COMPLETED,2,DELIVERED_ON_TIME,1702.94
ORD-SYNTH-1568,Potato,FPO,RETAILER,Pune,Maharashtra,288.13,KG,23.09,21.83,21.83,2025-10-12,COMPLETED,3,DELIVERED_ON_TIME,125.8
ORD-SYNTH-1569,Rice,FARMER,WHOLESALER,Hubballi,Karnataka,3413.35,KG,60.81,57.87,57.87,2025-10-12,COMPLETED,1,DELIVERED_LATE,3950.61
ORD-SYNTH-1570,Wheat,FPO,BULK_PROCESSOR,Nashik,Maharashtra,2678.03,KG,26.96,26.05,26.05,2025-10-13,COMPLETED,1,DELIVERED_ON_TIME,1395.25
ORD-SYNTH-1571,Tomato,FPO,WHOLESALER,Hubballi,Karnataka,3076.51,KG,31.95,29.73,29.73,2025-10-13,COMPLETED,1,DELIVERED_ON_TIME,1829.29
ORD-SYNTH-1572,Onion,FPO,BULK_PROCESSOR,Nashik,Maharashtra,4593.41,KG,36.69,35.33,35.33,2025-10-14,COMPLETED,3,DELIVERED_ON_TIME,3245.7
ORD-SYNTH-1573,Potato,FARMER,BULK_PROCESSOR,Pune,Maharashtra,4152.43,KG,21.41,20.03,20.03,2025-10-14,COMPLETED,3,DELIVERED_ON_TIME,1663.46
ORD-SYNTH-1574,Rice,FPO,RETAILER,Hubballi,Karnataka,3433.44,KG,55.96,53.41,53.41,2025-10-15,COMPLETED,2,DELIVERED_ON_TIME,3667.6
ORD-SYNTH-1575,Wheat,FARMER,BULK_PROCESSOR,Nashik,Maharashtra,936.11,KG,25.4,23.51,23.51,2025-10-15,COMPLETED,4,DELIVERED_ON_TIME,440.16
ORD-SYNTH-1576,Tomato,FPO,BULK_PROCESSOR,Hubballi,Karnataka,418.6,KG,27.66,27.28,27.28,2025-10-16,COMPLETED,2,DELIVERED_LATE,228.39
ORD-SYNTH-1577,Onion,FPO,RETAILER,Nashik,Maharashtra,982.02,KG,31.66,30.2,30.2,2025-10-16,COMPLETED,2,DELIVERED_ON_TIME,593.14
ORD-SYNTH-1578,Potato,FARMER,RETAILER,Pune,Maharashtra,3994.5,KG,24.89,23.61,23.61,2025-10-17,COMPLETED,5,DELIVERED_ON_TIME,1886.2
ORD-SYNTH-1579,Rice,FARMER,WHOLESALER,Hubballi,Karnataka,2559.92,KG,60.49,58.76,58.76,2025-10-17,COMPLETED,1,DELIVERED_ON_TIME,3008.42
ORD-SYNTH-1580,Wheat,FARMER,RETAILER,Nashik,Maharashtra,1296.65,KG,24.56,22.83,22.83,2025-10-18,COMPLETED,4,DELIVERED_LATE,592.05
ORD-SYNTH-1581,Tomato,FPO,RETAILER,Hubballi,Karnataka,4127.76,KG,29.61,27.63,27.63,2025-10-18,COMPLETED,3,DELIVERED_ON_TIME,2281.0
ORD-SYNTH-1582,Onion,FARMER,BULK_PROCESSOR,Nashik,Maharashtra,4197.43,KG,33.76,31.74,31.74,2025-10-19,COMPLETED,4,DELIVERED_ON_TIME,2664.53
ORD-SYNTH-1583,Potato,FPO,WHOLESALER,Pune,Maharashtra,1326.76,KG,22.6,22.59,22.59,2025-10-19,COMPLETED,3,DELIVERED_ON_TIME,599.43
ORD-SYNTH-1584,Rice,FPO,BULK_PROCESSOR,Hubballi,Karnataka,4918.14,KG,60.85,56.5,56.5,2025-10-20,COMPLETED,3,DELIVERED_ON_TIME,5557.5
ORD-SYNTH-1585,Wheat,FPO,WHOLESALER,Nashik,Maharashtra,2083.82,KG,26.79,26.65,26.65,2025-10-20,COMPLETED,1,DELIVERED_ON_TIME,1110.68
ORD-SYNTH-1586,Tomato,FARMER,WHOLESALER,Hubballi,Karnataka,2910.47,KG,30.15,28.56,28.56,2025-10-21,COMPLETED,1,DELIVERED_ON_TIME,1662.46
ORD-SYNTH-1587,Onion,FPO,RETAILER,Nashik,Maharashtra,1296.97,KG,31.94,31.9,31.9,2025-10-21,COMPLETED,2,DELIVERED_ON_TIME,827.47
ORD-SYNTH-1588,Potato,FARMER,WHOLESALER,Pune,Maharashtra,3308.9,KG,23.26,22.98,22.98,2025-10-22,COMPLETED,3,DELIVERED_ON_TIME,1520.77
ORD-SYNTH-1589,Rice,FARMER,RETAILER,Hubballi,Karnataka,922.37,KG,55.79,54.13,54.13,2025-10-22,COMPLETED,1,DELIVERED_ON_TIME,998.56
ORD-SYNTH-1590,Wheat,FPO,RETAILER,Nashik,Maharashtra,3143.95,KG,25.02,23.21,23.21,2025-10-23,COMPLETED,4,DELIVERED_ON_TIME,1459.42
ORD-SYNTH-1591,Tomato,FARMER,BULK_PROCESSOR,Hubballi,Karnataka,229.22,KG,27.21,25.72,25.72,2025-10-23,COMPLETED,2,DELIVERED_ON_TIME,117.91
ORD-SYNTH-1592,Onion,FPO,WHOLESALER,Nashik,Maharashtra,190.23,KG,33.54,31.9,31.9,2025-10-24,COMPLETED,2,DELIVERED_ON_TIME,121.37
ORD-SYNTH-1593,Potato,FARMER,RETAILER,Pune,Maharashtra,950.3,KG,23.17,22.26,22.26,2025-10-24,COMPLETED,3,DELIVERED_ON_TIME,423.07
ORD-SYNTH-1594,Rice,FARMER,WHOLESALER,Hubballi,Karnataka,1599.82,KG,58.94,56.4,56.4,2025-10-25,COMPLETED,3,DELIVERED_ON_TIME,1804.6
ORD-SYNTH-1595,Wheat,FARMER,BULK_PROCESSOR,Nashik,Maharashtra,2118.31,KG,25.43,25.14,25.14,2025-10-25,COMPLETED,2,DELIVERED_ON_TIME,1065.09
ORD-SYNTH-1596,Tomato,FARMER,RETAILER,Hubballi,Karnataka,219.29,KG,31.32,28.88,28.88,2025-10-26,COMPLETED,2,DELIVERED_ON_TIME,126.66
ORD-SYNTH-1597,Onion,FPO,BULK_PROCESSOR,Nashik,Maharashtra,3204.76,KG,31.12,30.93,30.93,2025-10-26,COMPLETED,2,DELIVERED_ON_TIME,1982.46
ORD-SYNTH-1598,Potato,FPO,BULK_PROCESSOR,Pune,Maharashtra,2075.42,KG,22.88,21.74,21.74,2025-10-27,COMPLETED,2,DELIVERED_ON_TIME,902.39
ORD-SYNTH-1599,Rice,FPO,BULK_PROCESSOR,Hubballi,Karnataka,1385.0,KG,59.63,55.27,55.27,2025-10-27,COMPLETED,2,DELIVERED_ON_TIME,1530.98
