category,product,agmarknet_commodity,variety_type,state,district,market_mandi,selling_unit,official_mandi_modal_price_inr,official_price_type,official_price_date,illustrative_farmer_listing_reference_inr,illustrative_price_type,source,source_url,market_arrivals,arrival_unit,notes,farm,farmer_name,available_quantity,quantity_unit,image_1,image_2,image_3
Cereals & Grains,Rice,Rice,Fine(Basmati),West Bengal,Darjeeling,Siliguri APMC,Rs./Quintal,5200,Official wholesale mandi modal price,2026-09-11,4784,"Illustrative demo reference only; 92% of modal, not an observed offer",AGMARKNET / DMI official API,https://agmarknet.gov.in/home,270.0,Metric Tonnes,District resolved from active mandi directory; selected on highest reported arrival among chosen producing-belt states.,Farm 1,Aarav Patel,45,quintal,,,
Cereals & Grains,Rice,Rice,Fine(Basmati),West Bengal,Darjeeling,Siliguri APMC,Rs./Quintal,5200,Official wholesale mandi modal price,2026-09-11,4784,"Illustrative demo reference only; 92% of modal, not an observed offer",AGMARKNET / DMI official API,https://agmarknet.gov.in/home,270.0,Metric Tonnes,District resolved from active mandi directory; selected on highest reported arrival among chosen producing-belt states.,Farm 2,Aarav Singh,60,quintal,,,
Cereals & Grains,Rice,Rice,Fine(Basmati),West Bengal,Darjeeling,Siliguri APMC,Rs./Quintal,5200,Official wholesale mandi modal price,2026-09-11,4784,"Illustrative demo reference only; 92% of modal, not an observed offer",AGMARKNET / DMI official API,https://agmarknet.gov.in/home,270.0,Metric Tonnes,District resolved from active mandi directory; selected on highest reported arrival among chosen producing-belt states.,Farm 3,Aarav Reddy,35,quintal,,,
Cereals & Grains,Wheat,Wheat,Mill Quality,Madhya Pradesh,Chhatarpur,Badamalhera APMC,Rs./Quintal,2640,Official wholesale mandi modal price,2026-09-11,2429,"Illustrative demo reference only; 92% of modal, not an observed offer",AGMARKNET / DMI official API,https://agmarknet.gov.in/home,1208.4850000000001,Metric Tonnes,District resolved from active mandi directory; selected on highest reported arrival among chosen producing-belt states.,Farm 1,Aarav Sharma,50,quintal,,,
Cereals & Grains,Wheat,Wheat,Mill Quality,Madhya Pradesh,Chhatarpur,Badamalhera APMC,Rs./Quintal,2640,Official wholesale mandi modal price,2026-09-11,2429,"Illustrative demo reference only; 92% of modal, not an observed offer",AGMARKNET / DMI official API,https://agmarknet.gov.in/home,1208.4850000000001,Metric Tonnes,District resolved from active mandi directory; selected on highest reported arrival among chosen producing-belt states.,Farm 2,Aarav Yadav,75,quintal,,,
Cereals & Grains,Wheat,Wheat,Mill Quality,Madhya Pradesh,Chhatarpur,Badamalhera APMC,Rs./Quintal,2640,Official wholesale mandi modal price,2026-09-11,2429,"Illustrative demo reference only; 92% of modal, not an observed offer",AGMARKNET / DMI official API,https://agmarknet.gov.in/home,1208.4850000000001,Metric Tonnes,District resolved from active mandi directory; selected on highest reported arrival among chosen producing-belt states.,Farm 3,Aarav Kaur,40,quintal,,,
Cereals & Grains,Maize,Maize,Local,Madhya Pradesh,Balaghat,Varaseoni APMC,Rs./Quintal,2670,Official wholesale mandi modal price,2026-09-11,2456,"Illustrative demo reference only; 92% of modal, not an observed offer",AGMARKNET / DMI official API,https://agmarknet.gov.in/home,2755.4400000000005,Metric Tonnes,District resolved from active mandi directory; selected on highest reported arrival among chosen producing-belt states.,Farm 1,Aarav Das,40,quintal,,,
Cereals & Grains,Maize,Maize,Local,Madhya Pradesh,Balaghat,Varaseoni APMC,Rs./Quintal,2670,Official wholesale mandi modal price,2026-09-11,2456,"Illustrative demo reference only; 92% of modal, not an observed offer",AGMARKNET / DMI official API,https://agmarknet.gov.in/home,2755.4400000000005,Metric Tonnes,District resolved from active mandi directory; selected on highest reported arrival among chosen producing-belt states.,Farm 2,Aarav Nair,65,quintal,,,
Cereals & Grains,Maize,Maize,Local,Madhya Pradesh,Balaghat,Varaseoni APMC,Rs./Quintal,2670,Official wholesale mandi modal price,2026-09-11,2456,"Illustrative demo reference only; 92% of modal, not an observed offer",AGMARKNET / DMI official API,https://agmarknet.gov.in/home,2755.4400000000005,Metric Tonnes,District resolved from active mandi directory; selected on highest reported arrival among chosen producing-belt states.,Farm 3,Aarav Verma,30,quintal,,,
Pulses & Legumes,Chickpea,Bengal Gram,,,,,Rs./Quintal,,No official modal-price record located,2026-09-11,,Not calculated,AGMARKNET / DMI official API,https://agmarknet.gov.in/home,,,No record found in requested state set; price intentionally blank.,Farm 1,Aditi Patel,25,quintal,,,
Pulses & Legumes,Chickpea,Bengal Gram,,,,,Rs./Quintal,,No official modal-price record located,2026-09-11,,Not calculated,AGMARKNET / DMI official API,https://agmarknet.gov.in/home,,,No record found in requested state set; price intentionally blank.,Farm 2,Aditi Singh,35,quintal,,,
Pulses & Legumes,Chickpea,Bengal Gram,,,,,Rs./Quintal,,No official modal-price record located,2026-09-11,,Not calculated,AGMARKNET / DMI official API,https://agmarknet.gov.in/home,,,No record found in requested state set; price intentionally blank.,Farm 3,Aditi Reddy,20,quintal,,,
Pulses & Legumes,Green Gram,Green Gram(Moong)(Whole),Other,Rajasthan,Ganganagar,Rawla APMC,Rs./Quintal,7700,Official wholesale mandi modal price,2026-09-11,7084,"Illustrative demo reference only; 92% of modal, not an observed offer",AGMARKNET / DMI official API,https://agmarknet.gov.in/home,426.0,Metric Tonnes,District resolved from active mandi directory; selected on highest reported arrival among chosen producing-belt states.,Farm 1,Aditi Sharma,20,quintal,,,
Pulses & Legumes,Green Gram,Green Gram(Moong)(Whole),Other,Rajasthan,Ganganagar,Rawla APMC,Rs./Quintal,7700,Official wholesale mandi modal price,2026-09-11,7084,"Illustrative demo reference only; 92% of modal, not an observed offer",AGMARKNET / DMI official API,https://agmarknet.gov.in/home,426.0,Metric Tonnes,District resolved from active mandi directory; selected on highest reported arrival among chosen producing-belt states.,Farm 2,Aditi Yadav,30,quintal,,,
Pulses & Legumes,Green Gram,Green Gram(Moong)(Whole),Other,Rajasthan,Ganganagar,Rawla APMC,Rs./Quintal,7700,Official wholesale mandi modal price,2026-09-11,7084,"Illustrative demo reference only; 92% of modal, not an observed offer",AGMARKNET / DMI official API,https://agmarknet.gov.in/home,426.0,Metric Tonnes,District resolved from active mandi directory; selected on highest reported arrival among chosen producing-belt states.,Farm 3,Aditi Kaur,15,quintal,,,
Pulses & Legumes,Black Gram,Black Gram(Urd Beans)(Whole),Urda/Urd,Madhya Pradesh,Indore,Indore APMC,Rs./Quintal,8011,Official wholesale mandi modal price,2026-09-11,7370,"Illustrative demo reference only; 92% of modal, not an observed offer",AGMARKNET / DMI official API,https://agmarknet.gov.in/home,3097.84,Metric Tonnes,District resolved from active mandi directory; selected on highest reported arrival among chosen producing-belt states.,Farm 1,Aditi Das,18,quintal,,,
Pulses & Legumes,Black Gram,Black Gram(Urd Beans)(Whole),Urda/Urd,Madhya Pradesh,Indore,Indore APMC,Rs./Quintal,8011,Official wholesale mandi modal price,2026-09-11,7370,"Illustrative demo reference only; 92% of modal, not an observed offer",AGMARKNET / DMI official API,https://agmarknet.gov.in/home,3097.84,Metric Tonnes,District resolved from active mandi directory; selected on highest reported arrival among chosen producing-belt states.,Farm 2,Aditi Nair,28,quintal,,,
Pulses & Legumes,Black Gram,Black Gram(Urd Beans)(Whole),Urda/Urd,Madhya Pradesh,Indore,Indore APMC,Rs./Quintal,8011,Official wholesale mandi modal price,2026-09-11,7370,"Illustrative demo reference only; 92% of modal, not an observed offer",AGMARKNET / DMI official API,https://agmarknet.gov.in/home,3097.84,Metric Tonnes,District resolved from active mandi directory; selected on highest reported arrival among chosen producing-belt states.,Farm 3,Aditi Verma,22,quintal,,,
Vegetables,Potato,Potato,Other,Uttar Pradesh,Agra,Fatehabad APMC,Rs./Quintal,413,Official wholesale mandi modal price,2026-09-11,380,"Illustrative demo reference only; 92% of modal, not an observed offer",AGMARKNET / DMI official API,https://agmarknet.gov.in/home,2008.0,Metric Tonnes,District resolved from active mandi directory; selected on highest reported arrival among chosen producing-belt states.,Farm 1,Arjun Patel,80,quintal,,,
Vegetables,Potato,Potato,Other,Uttar Pradesh,Agra,Fatehabad APMC,Rs./Quintal,413,Official wholesale mandi modal price,2026-09-11,380,"Illustrative demo reference only; 92% of modal, not an observed offer",AGMARKNET / DMI official API,https://agmarknet.gov.in/home,2008.0,Metric Tonnes,District resolved from active mandi directory; selected on highest reported arrival among chosen producing-belt states.,Farm 2,Arjun Singh,120,quintal,,,
Vegetables,Potato,Potato,Other,Uttar Pradesh,Agra,Fatehabad APMC,Rs./Quintal,413,Official wholesale mandi modal price,2026-09-11,380,"Illustrative demo reference only; 92% of modal, not an observed offer",AGMARKNET / DMI official API,https://agmarknet.gov.in/home,2008.0,Metric Tonnes,District resolved from active mandi directory; selected on highest reported arrival among chosen producing-belt states.,Farm 3,Arjun Reddy,65,quintal,,,
Vegetables,Onion,Onion,Onion,Madhya Pradesh,Indore,Indore APMC,Rs./Quintal,3190,Official wholesale mandi modal price,2026-09-11,2935,"Illustrative demo reference only; 92% of modal, not an observed offer",AGMARKNET / DMI official API,https://agmarknet.gov.in/home,2306.791,Metric Tonnes,District resolved from active mandi directory; selected on highest reported arrival among chosen producing-belt states.,Farm 1,Arjun Sharma,55,quintal,,,
Vegetables,Onion,Onion,Onion,Madhya Pradesh,Indore,Indore APMC,Rs./Quintal,3190,Official wholesale mandi modal price,2026-09-11,2935,"Illustrative demo reference only; 92% of modal, not an observed offer",AGMARKNET / DMI official API,https://agmarknet.gov.in/home,2306.791,Metric Tonnes,District resolved from active mandi directory; selected on highest reported arrival among chosen producing-belt states.,Farm 2,Arjun Yadav,85,quintal,,,
Vegetables,Onion,Onion,Onion,Madhya Pradesh,Indore,Indore APMC,Rs./Quintal,3190,Official wholesale mandi modal price,2026-09-11,2935,"Illustrative demo reference only; 92% of modal, not an observed offer",AGMARKNET / DMI official API,https://agmarknet.gov.in/home,2306.791,Metric Tonnes,District resolved from active mandi directory; selected on highest reported arrival among chosen producing-belt states.,Farm 3,Arjun Kaur,45,quintal,,,
Vegetables,Tomato,Tomato,Local,Andhra Pradesh,Annamayya,Mulakalacheruvu APMC,Rs./Quintal,1500,Official wholesale mandi modal price,2026-09-11,1380,"Illustrative demo reference only; 92% of modal, not an observed offer",AGMARKNET / DMI official API,https://agmarknet.gov.in/home,715.0,Metric Tonnes,District resolved from active mandi directory; selected on highest reported arrival among chosen producing-belt states.,Farm 1,Arjun Das,35,quintal,,,
Vegetables,Tomato,Tomato,Local,Andhra Pradesh,Annamayya,Mulakalacheruvu APMC,Rs./Quintal,1500,Official wholesale mandi modal price,2026-09-11,1380,"Illustrative demo reference only; 92% of modal, not an observed offer",AGMARKNET / DMI official API,https://agmarknet.gov.in/home,715.0,Metric Tonnes,District resolved from active mandi directory; selected on highest reported arrival among chosen producing-belt states.,Farm 2,Arjun Nair,50,quintal,,,
Vegetables,Tomato,Tomato,Local,Andhra Pradesh,Annamayya,Mulakalacheruvu APMC,Rs./Quintal,1500,Official wholesale mandi modal price,2026-09-11,1380,"Illustrative demo reference only; 92% of modal, not an observed offer",AGMARKNET / DMI official API,https://agmarknet.gov.in/home,715.0,Metric Tonnes,District resolved from active mandi directory; selected on highest reported arrival among chosen producing-belt states.,Farm 3,Arjun Verma,25,quintal,,,
Fruits,Mango,Mango,Other,Andhra Pradesh,Chittor,Bangarupalyam APMC,Rs./Quintal,1100,Official wholesale mandi modal price,2026-09-11,1012,"Illustrative demo reference only; 92% of modal, not an observed offer",AGMARKNET / DMI official API,https://agmarknet.gov.in/home,10.0,Metric Tonnes,District resolved from active mandi directory; selected on highest reported arrival among chosen producing-belt states.,Farm 1,Ananya Patel,25,quintal,,,
Fruits,Mango,Mango,Other,Andhra Pradesh,Chittor,Bangarupalyam APMC,Rs./Quintal,1100,Official wholesale mandi modal price,2026-09-11,1012,"Illustrative demo reference only; 92% of modal, not an observed offer",AGMARKNET / DMI official API,https://agmarknet.gov.in/home,10.0,Metric Tonnes,District resolved from active mandi directory; selected on highest reported arrival among chosen producing-belt states.,Farm 2,Ananya Singh,40,quintal,,,
Fruits,Mango,Mango,Other,Andhra Pradesh,Chittor,Bangarupalyam APMC,Rs./Quintal,1100,Official wholesale mandi modal price,2026-09-11,1012,"Illustrative demo reference only; 92% of modal, not an observed offer",AGMARKNET / DMI official API,https://agmarknet.gov.in/home,10.0,Metric Tonnes,District resolved from active mandi directory; selected on highest reported arrival among chosen producing-belt states.,Farm 3,Ananya Reddy,30,quintal,,,
Fruits,Banana,Banana,Karpura,Andhra Pradesh,Dr.B.R.A.Konaseema,Ravulapalem (Kothapeta APMC),Rs./Quintal,3700,Official wholesale mandi modal price,2026-09-11,3404,"Illustrative demo reference only; 92% of modal, not an observed offer",AGMARKNET / DMI official API,https://agmarknet.gov.in/home,205.9,Metric Tonnes,District resolved from active mandi directory; selected on highest reported arrival among chosen producing-belt states.,Farm 1,Ananya Sharma,150,bunch,,,
Fruits,Banana,Banana,Karpura,Andhra Pradesh,Dr.B.R.A.Konaseema,Ravulapalem (Kothapeta APMC),Rs./Quintal,3700,Official wholesale mandi modal price,2026-09-11,3404,"Illustrative demo reference only; 92% of modal, not an observed offer",AGMARKNET / DMI official API,https://agmarknet.gov.in/home,205.9,Metric Tonnes,District resolved from active mandi directory; selected on highest reported arrival among chosen producing-belt states.,Farm 2,Ananya Yadav,280,bunch,,,
Fruits,Banana,Banana,Karpura,Andhra Pradesh,Dr.B.R.A.Konaseema,Ravulapalem (Kothapeta APMC),Rs./Quintal,3700,Official wholesale mandi modal price,2026-09-11,3404,"Illustrative demo reference only; 92% of modal, not an observed offer",AGMARKNET / DMI official API,https://agmarknet.gov.in/home,205.9,Metric Tonnes,District resolved from active mandi directory; selected on highest reported arrival among chosen producing-belt states.,Farm 3,Ananya Kaur,200,bunch,,,
Fruits,Apple,Apple,Royal Delicious,Himachal Pradesh,Shimla,SMY Mehndli,Rs./Quintal,35000,Official wholesale mandi modal price,2026-09-11,32200,"Illustrative demo reference only; 92% of modal, not an observed offer",AGMARKNET / DMI official API,https://agmarknet.gov.in/home,337.68,Metric Tonnes,District resolved from active mandi directory; selected on highest reported arrival among chosen producing-belt states.,Farm 1,Ananya Das,30,quintal,,,
Fruits,Apple,Apple,Royal Delicious,Himachal Pradesh,Shimla,SMY Mehndli,Rs./Quintal,35000,Official wholesale mandi modal price,2026-09-11,32200,"Illustrative demo reference only; 92% of modal, not an observed offer",AGMARKNET / DMI official API,https://agmarknet.gov.in/home,337.68,Metric Tonnes,District resolved from active mandi directory; selected on highest reported arrival among chosen producing-belt states.,Farm 2,Ananya Nair,45,quintal,,,
Fruits,Apple,Apple,Royal Delicious,Himachal Pradesh,Shimla,SMY Mehndli,Rs./Quintal,35000,Official wholesale mandi modal price,2026-09-11,32200,"Illustrative demo reference only; 92% of modal, not an observed offer",AGMARKNET / DMI official API,https://agmarknet.gov.in/home,337.68,Metric Tonnes,District resolved from active mandi directory; selected on highest reported arrival among chosen producing-belt states.,Farm 3,Ananya Verma,25,quintal,,,
Oilseeds,Soybean,Soyabean,Soyabeen,Madhya Pradesh,Mandsaur,Mandsaur APMC,Rs./Quintal,5770,Official wholesale mandi modal price,2026-09-11,5308,"Illustrative demo reference only; 92% of modal, not an observed offer",AGMARKNET / DMI official API,https://agmarknet.gov.in/home,505.57,Metric Tonnes,District resolved from active mandi directory; selected on highest reported arrival among chosen producing-belt states.,Farm 1,Dev Patel,35,quintal,,,
Oilseeds,Soybean,Soyabean,Soyabeen,Madhya Pradesh,Mandsaur,Mandsaur APMC,Rs./Quintal,5770,Official wholesale mandi modal price,2026-09-11,5308,"Illustrative demo reference only; 92% of modal, not an observed offer",AGMARKNET / DMI official API,https://agmarknet.gov.in/home,505.57,Metric Tonnes,District resolved from active mandi directory; selected on highest reported arrival among chosen producing-belt states.,Farm 2,Dev Singh,50,quintal,,,
Oilseeds,Soybean,Soyabean,Soyabeen,Madhya Pradesh,Mandsaur,Mandsaur APMC,Rs./Quintal,5770,Official wholesale mandi modal price,2026-09-11,5308,"Illustrative demo reference only; 92% of modal, not an observed offer",AGMARKNET / DMI official API,https://agmarknet.gov.in/home,505.57,Metric Tonnes,District resolved from active mandi directory; selected on highest reported arrival among chosen producing-belt states.,Farm 3,Dev Reddy,28,quintal,,,
Oilseeds,Groundnut,Groundnut,Other,Gujarat,Morbi,APMC HALVAD,Rs./Quintal,8000,Official wholesale mandi modal price,2026-09-11,7360,"Illustrative demo reference only; 92% of modal, not an observed offer",AGMARKNET / DMI official API,https://agmarknet.gov.in/home,188.70000000000002,Metric Tonnes,District resolved from active mandi directory; selected on highest reported arrival among chosen producing-belt states.,Farm 1,Dev Sharma,30,quintal,,,
Oilseeds,Groundnut,Groundnut,Other,Gujarat,Morbi,APMC HALVAD,Rs./Quintal,8000,Official wholesale mandi modal price,2026-09-11,7360,"Illustrative demo reference only; 92% of modal, not an observed offer",AGMARKNET / DMI official API,https://agmarknet.gov.in/home,188.70000000000002,Metric Tonnes,District resolved from active mandi directory; selected on highest reported arrival among chosen producing-belt states.,Farm 2,Dev Yadav,45,quintal,,,
Oilseeds,Groundnut,Groundnut,Other,Gujarat,Morbi,APMC HALVAD,Rs./Quintal,8000,Official wholesale mandi modal price,2026-09-11,7360,"Illustrative demo reference only; 92% of modal, not an observed offer",AGMARKNET / DMI official API,https://agmarknet.gov.in/home,188.70000000000002,Metric Tonnes,District resolved from active mandi directory; selected on highest reported arrival among chosen producing-belt states.,Farm 3,Dev Kaur,22,quintal,,,
Oilseeds,Mustard,Mustard,Other,Rajasthan,Baran,Baran APMC,Rs./Quintal,7600,Official wholesale mandi modal price,2026-09-11,6992,"Illustrative demo reference only; 92% of modal, not an observed offer",AGMARKNET / DMI official API,https://agmarknet.gov.in/home,300.0,Metric Tonnes,District resolved from active mandi directory; selected on highest reported arrival among chosen producing-belt states.,Farm 1,Dev Das,25,quintal,,,
Oilseeds,Mustard,Mustard,Other,Rajasthan,Baran,Baran APMC,Rs./Quintal,7600,Official wholesale mandi modal price,2026-09-11,6992,"Illustrative demo reference only; 92% of modal, not an observed offer",AGMARKNET / DMI official API,https://agmarknet.gov.in/home,300.0,Metric Tonnes,District resolved from active mandi directory; selected on highest reported arrival among chosen producing-belt states.,Farm 2,Dev Nair,40,quintal,,,
Oilseeds,Mustard,Mustard,Other,Rajasthan,Baran,Baran APMC,Rs./Quintal,7600,Official wholesale mandi modal price,2026-09-11,6992,"Illustrative demo reference only; 92% of modal, not an observed offer",AGMARKNET / DMI official API,https://agmarknet.gov.in/home,300.0,Metric Tonnes,District resolved from active mandi directory; selected on highest reported arrival among chosen producing-belt states.,Farm 3,Dev Verma,20,quintal,,,
Spices & Condiments,Turmeric,Turmeric,Bulb,Andhra Pradesh,Guntur,Duggirala APMC,Rs./Quintal,14975,Official wholesale mandi modal price,2026-09-11,13777,"Illustrative demo reference only; 92% of modal, not an observed offer",AGMARKNET / DMI official API,https://agmarknet.gov.in/home,48.6,Metric Tonnes,District resolved from active mandi directory; selected on highest reported arrival among chosen producing-belt states.,Farm 1,Diya Patel,500,kg,,,
Spices & Condiments,Turmeric,Turmeric,Bulb,Andhra Pradesh,Guntur,Duggirala APMC,Rs./Quintal,14975,Official wholesale mandi modal price,2026-09-11,13777,"Illustrative demo reference only; 92% of modal, not an observed offer",AGMARKNET / DMI official API,https://agmarknet.gov.in/home,48.6,Metric Tonnes,District resolved from active mandi directory; selected on highest reported arrival among chosen producing-belt states.,Farm 2,Diya Singh,750,kg,,,
Spices & Condiments,Turmeric,Turmeric,Bulb,Andhra Pradesh,Guntur,Duggirala APMC,Rs./Quintal,14975,Official wholesale mandi modal price,2026-09-11,13777,"Illustrative demo reference only; 92% of modal, not an observed offer",AGMARKNET / DMI official API,https://agmarknet.gov.in/home,48.6,Metric Tonnes,District resolved from active mandi directory; selected on highest reported arrival among chosen producing-belt states.,Farm 3,Diya Reddy,400,kg,,,
Spices & Condiments,Dry Red Chilli,Dry Chillies,Red New,Andhra Pradesh,Guntur,Guntur APMC,Rs./Quintal,25500,Official wholesale mandi modal price,2026-09-11,23460,"Illustrative demo reference only; 92% of modal, not an observed offer",AGMARKNET / DMI official API,https://agmarknet.gov.in/home,369.36,Metric Tonnes,District resolved from active mandi directory; selected on highest reported arrival among chosen producing-belt states.,Farm 1,Diya Sharma,350,kg,,,
Spices & Condiments,Dry Red Chilli,Dry Chillies,Red New,Andhra Pradesh,Guntur,Guntur APMC,Rs./Quintal,25500,Official wholesale mandi modal price,2026-09-11,23460,"Illustrative demo reference only; 92% of modal, not an observed offer",AGMARKNET / DMI official API,https://agmarknet.gov.in/home,369.36,Metric Tonnes,District resolved from active mandi directory; selected on highest reported arrival among chosen producing-belt states.,Farm 2,Diya Yadav,600,kg,,,
Spices & Condiments,Dry Red Chilli,Dry Chillies,Red New,Andhra Pradesh,Guntur,Guntur APMC,Rs./Quintal,25500,Official wholesale mandi modal price,2026-09-11,23460,"Illustrative demo reference only; 92% of modal, not an observed offer",AGMARKNET / DMI official API,https://agmarknet.gov.in/home,369.36,Metric Tonnes,District resolved from active mandi directory; selected on highest reported arrival among chosen producing-belt states.,Farm 3,Diya Kaur,450,kg,,,
Spices & Condiments,Cumin,Cummin Seed(Jeera),Cummin Seed(Jeera),Gujarat,Mehsana,Unjha APMC,Rs./Quintal,20125,Official wholesale mandi modal price,2026-09-11,18515,"Illustrative demo reference only; 92% of modal, not an observed offer",AGMARKNET / DMI official API,https://agmarknet.gov.in/home,470.48,Metric Tonnes,District resolved from active mandi directory; selected on highest reported arrival among chosen producing-belt states.,Farm 1,Diya Das,300,kg,,,
Spices & Condiments,Cumin,Cummin Seed(Jeera),Cummin Seed(Jeera),Gujarat,Mehsana,Unjha APMC,Rs./Quintal,20125,Official wholesale mandi modal price,2026-09-11,18515,"Illustrative demo reference only; 92% of modal, not an observed offer",AGMARKNET / DMI official API,https://agmarknet.gov.in/home,470.48,Metric Tonnes,District resolved from active mandi directory; selected on highest reported arrival among chosen producing-belt states.,Farm 2,Diya Nair,500,kg,,,
Spices & Condiments,Cumin,Cummin Seed(Jeera),Cummin Seed(Jeera),Gujarat,Mehsana,Unjha APMC,Rs./Quintal,20125,Official wholesale mandi modal price,2026-09-11,18515,"Illustrative demo reference only; 92% of modal, not an observed offer",AGMARKNET / DMI official API,https://agmarknet.gov.in/home,470.48,Metric Tonnes,District resolved from active mandi directory; selected on highest reported arrival among chosen producing-belt states.,Farm 3,Diya Verma,250,kg,,,
Cash & Fibre Crops,Cotton,Cotton,Without Ginned Cotton,Madhya Pradesh,Khargone,Khargone APMC,Rs./Quintal,7700,Official wholesale mandi modal price,2026-09-11,7084,"Illustrative demo reference only; 92% of modal, not an observed offer",AGMARKNET / DMI official API,https://agmarknet.gov.in/home,604.345,Metric Tonnes,District resolved from active mandi directory; selected on highest reported arrival among chosen producing-belt states.,Farm 1,Ishaan Patel,35,quintal,,,
Cash & Fibre Crops,Cotton,Cotton,Without Ginned Cotton,Madhya Pradesh,Khargone,Khargone APMC,Rs./Quintal,7700,Official wholesale mandi modal price,2026-09-11,7084,"Illustrative demo reference only; 92% of modal, not an observed offer",AGMARKNET / DMI official API,https://agmarknet.gov.in/home,604.345,Metric Tonnes,District resolved from active mandi directory; selected on highest reported arrival among chosen producing-belt states.,Farm 2,Ishaan Singh,55,quintal,,,
Cash & Fibre Crops,Cotton,Cotton,Without Ginned Cotton,Madhya Pradesh,Khargone,Khargone APMC,Rs./Quintal,7700,Official wholesale mandi modal price,2026-09-11,7084,"Illustrative demo reference only; 92% of modal, not an observed offer",AGMARKNET / DMI official API,https://agmarknet.gov.in/home,604.345,Metric Tonnes,District resolved from active mandi directory; selected on highest reported arrival among chosen producing-belt states.,Farm 3,Ishaan Reddy,30,quintal,,,
Cash & Fibre Crops,Sugarcane,Sugarcane,,,,,Rs./Quintal,,No official modal-price record located,2026-09-11,,Not calculated,AGMARKNET / DMI official API,https://agmarknet.gov.in/home,,,No record found in requested state set; price intentionally blank.,Farm 1,Ishaan Sharma,50,tonne,,,
Cash & Fibre Crops,Sugarcane,Sugarcane,,,,,Rs./Quintal,,No official modal-price record located,2026-09-11,,Not calculated,AGMARKNET / DMI official API,https://agmarknet.gov.in/home,,,No record found in requested state set; price intentionally blank.,Farm 2,Ishaan Yadav,80,tonne,,,
Cash & Fibre Crops,Sugarcane,Sugarcane,,,,,Rs./Quintal,,No official modal-price record located,2026-09-11,,Not calculated,AGMARKNET / DMI official API,https://agmarknet.gov.in/home,,,No record found in requested state set; price intentionally blank.,Farm 3,Ishaan Kaur,65,tonne,,,
Cash & Fibre Crops,Jute,Jute,Other,West Bengal,Coochbehar,Baxirhat APMC,Rs./Quintal,13350,Official wholesale mandi modal price,2026-09-11,12282,"Illustrative demo reference only; 92% of modal, not an observed offer",AGMARKNET / DMI official API,https://agmarknet.gov.in/home,20.0,Metric Tonnes,District resolved from active mandi directory; selected on highest reported arrival among chosen producing-belt states.,Farm 1,Ishaan Das,30,quintal,,,
Cash & Fibre Crops,Jute,Jute,Other,West Bengal,Coochbehar,Baxirhat APMC,Rs./Quintal,13350,Official wholesale mandi modal price,2026-09-11,12282,"Illustrative demo reference only; 92% of modal, not an observed offer",AGMARKNET / DMI official API,https://agmarknet.gov.in/home,20.0,Metric Tonnes,District resolved from active mandi directory; selected on highest reported arrival among chosen producing-belt states.,Farm 2,Ishaan Nair,45,quintal,,,
Cash & Fibre Crops,Jute,Jute,Other,West Bengal,Coochbehar,Baxirhat APMC,Rs./Quintal,13350,Official wholesale mandi modal price,2026-09-11,12282,"Illustrative demo reference only; 92% of modal, not an observed offer",AGMARKNET / DMI official API,https://agmarknet.gov.in/home,20.0,Metric Tonnes,District resolved from active mandi directory; selected on highest reported arrival among chosen producing-belt states.,Farm 3,Ishaan Verma,25,quintal,,,
Plantation & Beverage Crops,Tea Leaves,Tea,,,,,Rs./Quintal,,No official modal-price record located,2026-09-11,,Not calculated,AGMARKNET / DMI official API,https://agmarknet.gov.in/home,,,No record found in requested state set; price intentionally blank.,Farm 1,Kavya Patel,400,kg,,,
Plantation & Beverage Crops,Tea Leaves,Tea,,,,,Rs./Quintal,,No official modal-price record located,2026-09-11,,Not calculated,AGMARKNET / DMI official API,https://agmarknet.gov.in/home,,,No record found in requested state set; price intentionally blank.,Farm 2,Kavya Singh,650,kg,,,
Plantation & Beverage Crops,Tea Leaves,Tea,,,,,Rs./Quintal,,No official modal-price record located,2026-09-11,,Not calculated,AGMARKNET / DMI official API,https://agmarknet.gov.in/home,,,No record found in requested state set; price intentionally blank.,Farm 3,Kavya Reddy,300,kg,,,
Plantation & Beverage Crops,Coffee,Coffee,,,,,Rs./Quintal,,No official modal-price record located,2026-09-11,,Not calculated,AGMARKNET / DMI official API,https://agmarknet.gov.in/home,,,No record found in requested state set; price intentionally blank.,Farm 1,Kavya Sharma,350,kg,,,
Plantation & Beverage Crops,Coffee,Coffee,,,,,Rs./Quintal,,No official modal-price record located,2026-09-11,,Not calculated,AGMARKNET / DMI official API,https://agmarknet.gov.in/home,,,No record found in requested state set; price intentionally blank.,Farm 2,Kavya Yadav,550,kg,,,
Plantation & Beverage Crops,Coffee,Coffee,,,,,Rs./Quintal,,No official modal-price record located,2026-09-11,,Not calculated,AGMARKNET / DMI official API,https://agmarknet.gov.in/home,,,No record found in requested state set; price intentionally blank.,Farm 3,Kavya Kaur,250,kg,,,
Plantation & Beverage Crops,Coconut,Coconut,Small,Karnataka,Mandya,K.R. Pet APMC,Rs./Quintal,25000,Official wholesale mandi modal price,2026-09-11,23000,"Illustrative demo reference only; 92% of modal, not an observed offer",AGMARKNET / DMI official API,https://agmarknet.gov.in/home,54343.4,Metric Tonnes,District resolved from active mandi directory; selected on highest reported arrival among chosen producing-belt states.,Farm 1,Kavya Das,2000,piece,,,
Plantation & Beverage Crops,Coconut,Coconut,Small,Karnataka,Mandya,K.R. Pet APMC,Rs./Quintal,25000,Official wholesale mandi modal price,2026-09-11,23000,"Illustrative demo reference only; 92% of modal, not an observed offer",AGMARKNET / DMI official API,https://agmarknet.gov.in/home,54343.4,Metric Tonnes,District resolved from active mandi directory; selected on highest reported arrival among chosen producing-belt states.,Farm 2,Kavya Nair,3500,piece,,,
Plantation & Beverage Crops,Coconut,Coconut,Small,Karnataka,Mandya,K.R. Pet APMC,Rs./Quintal,25000,Official wholesale mandi modal price,2026-09-11,23000,"Illustrative demo reference only; 92% of modal, not an observed offer",AGMARKNET / DMI official API,https://agmarknet.gov.in/home,54343.4,Metric Tonnes,District resolved from active mandi directory; selected on highest reported arrival among chosen producing-belt states.,Farm 3,Kavya Verma,1500,piece,,,
Fodder Crops,Berseem,Green Fodder,Green Fodder,Haryana,Ambala,Ambala Cantt. APMC,Rs./Quintal,210,Official wholesale mandi modal price,2026-09-11,193,"Illustrative demo reference only; 92% of modal, not an observed offer",AGMARKNET / DMI official API,https://agmarknet.gov.in/home,19.200000000000003,Metric Tonnes,District resolved from active mandi directory; selected on highest reported arrival among chosen producing-belt states.,Farm 1,Krishna Patel,45,quintal,,,
Fodder Crops,Berseem,Green Fodder,Green Fodder,Haryana,Ambala,Ambala Cantt. APMC,Rs./Quintal,210,Official wholesale mandi modal price,2026-09-11,193,"Illustrative demo reference only; 92% of modal, not an observed offer",AGMARKNET / DMI official API,https://agmarknet.gov.in/home,19.200000000000003,Metric Tonnes,District resolved from active mandi directory; selected on highest reported arrival among chosen producing-belt states.,Farm 2,Krishna Singh,70,quintal,,,
Fodder Crops,Berseem,Green Fodder,Green Fodder,Haryana,Ambala,Ambala Cantt. APMC,Rs./Quintal,210,Official wholesale mandi modal price,2026-09-11,193,"Illustrative demo reference only; 92% of modal, not an observed offer",AGMARKNET / DMI official API,https://agmarknet.gov.in/home,19.200000000000003,Metric Tonnes,District resolved from active mandi directory; selected on highest reported arrival among chosen producing-belt states.,Farm 3,Krishna Reddy,35,quintal,,,
Fodder Crops,Lucerne,Dry Fodder,,,,,Rs./Quintal,,No official modal-price record located,2026-09-11,,Not calculated,AGMARKNET / DMI official API,https://agmarknet.gov.in/home,,,No record found in requested state set; price intentionally blank.,Farm 1,Krishna Sharma,40,quintal,,,
Fodder Crops,Lucerne,Dry Fodder,,,,,Rs./Quintal,,No official modal-price record located,2026-09-11,,Not calculated,AGMARKNET / DMI official API,https://agmarknet.gov.in/home,,,No record found in requested state set; price intentionally blank.,Farm 2,Krishna Yadav,60,quintal,,,
Fodder Crops,Lucerne,Dry Fodder,,,,,Rs./Quintal,,No official modal-price record located,2026-09-11,,Not calculated,AGMARKNET / DMI official API,https://agmarknet.gov.in/home,,,No record found in requested state set; price intentionally blank.,Farm 3,Krishna Kaur,30,quintal,,,
Fodder Crops,Fodder Maize,Maize,Local,Madhya Pradesh,Balaghat,Varaseoni APMC,Rs./Quintal,2670,Official wholesale mandi modal price,2026-09-11,2456,"Illustrative demo reference only; 92% of modal, not an observed offer",AGMARKNET / DMI official API,https://agmarknet.gov.in/home,2755.4400000000005,Metric Tonnes,District resolved from active mandi directory; selected on highest reported arrival among chosen producing-belt states.,Farm 1,Krishna Das,55,quintal,,,
Fodder Crops,Fodder Maize,Maize,Local,Madhya Pradesh,Balaghat,Varaseoni APMC,Rs./Quintal,2670,Official wholesale mandi modal price,2026-09-11,2456,"Illustrative demo reference only; 92% of modal, not an observed offer",AGMARKNET / DMI official API,https://agmarknet.gov.in/home,2755.4400000000005,Metric Tonnes,District resolved from active mandi directory; selected on highest reported arrival among chosen producing-belt states.,Farm 2,Krishna Nair,85,quintal,,,
Fodder Crops,Fodder Maize,Maize,Local,Madhya Pradesh,Balaghat,Varaseoni APMC,Rs./Quintal,2670,Official wholesale mandi modal price,2026-09-11,2456,"Illustrative demo reference only; 92% of modal, not an observed offer",AGMARKNET / DMI official API,https://agmarknet.gov.in/home,2755.4400000000005,Metric Tonnes,District resolved from active mandi directory; selected on highest reported arrival among chosen producing-belt states.,Farm 3,Krishna Verma,45,quintal,,,
Flowers & Medicinal Plants,Marigold,Marigold(loose),,,,,Rs./Quintal,,No official modal-price record located,2026-09-11,,Not calculated,AGMARKNET / DMI official API,https://agmarknet.gov.in/home,,,No record found in requested state set; price intentionally blank.,Farm 1,Meera Patel,300,kg,,,
Flowers & Medicinal Plants,Marigold,Marigold(loose),,,,,Rs./Quintal,,No official modal-price record located,2026-09-11,,Not calculated,AGMARKNET / DMI official API,https://agmarknet.gov.in/home,,,No record found in requested state set; price intentionally blank.,Farm 2,Meera Singh,500,kg,,,
Flowers & Medicinal Plants,Marigold,Marigold(loose),,,,,Rs./Quintal,,No official modal-price record located,2026-09-11,,Not calculated,AGMARKNET / DMI official API,https://agmarknet.gov.in/home,,,No record found in requested state set; price intentionally blank.,Farm 3,Meera Reddy,200,kg,,,
Flowers & Medicinal Plants,Rose,Rose(Loose)),Other,Karnataka,Chikkaballapur,Chickkaballapura APMC,Rs./Quintal,13000,Official wholesale mandi modal price,2026-09-11,11960,"Illustrative demo reference only; 92% of modal, not an observed offer",AGMARKNET / DMI official API,https://agmarknet.gov.in/home,37.5,Metric Tonnes,District resolved from active mandi directory; selected on highest reported arrival among chosen producing-belt states.,Farm 1,Meera Sharma,150,kg,,,
Flowers & Medicinal Plants,Rose,Rose(Loose)),Other,Karnataka,Chikkaballapur,Chickkaballapura APMC,Rs./Quintal,13000,Official wholesale mandi modal price,2026-09-11,11960,"Illustrative demo reference only; 92% of modal, not an observed offer",AGMARKNET / DMI official API,https://agmarknet.gov.in/home,37.5,Metric Tonnes,District resolved from active mandi directory; selected on highest reported arrival among chosen producing-belt states.,Farm 2,Meera Yadav,250,kg,,,
Flowers & Medicinal Plants,Rose,Rose(Loose)),Other,Karnataka,Chikkaballapur,Chickkaballapura APMC,Rs./Quintal,13000,Official wholesale mandi modal price,2026-09-11,11960,"Illustrative demo reference only; 92% of modal, not an observed offer",AGMARKNET / DMI official API,https://agmarknet.gov.in/home,37.5,Metric Tonnes,District resolved from active mandi directory; selected on highest reported arrival among chosen producing-belt states.,Farm 3,Meera Kaur,100,kg,,,
Flowers & Medicinal Plants,Ashwagandha,Ashwagandha,Ashwagandha,Madhya Pradesh,Neemuch,Neemuch APMC,Rs./Quintal,13000,Official wholesale mandi modal price,2026-09-11,11960,"Illustrative demo reference only; 92% of modal, not an observed offer",AGMARKNET / DMI official API,https://agmarknet.gov.in/home,35.259,Metric Tonnes,District resolved from active mandi directory; selected on highest reported arrival among chosen producing-belt states.,Farm 1,Meera Das,250,kg,,,
Flowers & Medicinal Plants,Ashwagandha,Ashwagandha,Ashwagandha,Madhya Pradesh,Neemuch,Neemuch APMC,Rs./Quintal,13000,Official wholesale mandi modal price,2026-09-11,11960,"Illustrative demo reference only; 92% of modal, not an observed offer",AGMARKNET / DMI official API,https://agmarknet.gov.in/home,35.259,Metric Tonnes,District resolved from active mandi directory; selected on highest reported arrival among chosen producing-belt states.,Farm 2,Meera Nair,400,kg,,,
Flowers & Medicinal Plants,Ashwagandha,Ashwagandha,Ashwagandha,Madhya Pradesh,Neemuch,Neemuch APMC,Rs./Quintal,13000,Official wholesale mandi modal price,2026-09-11,11960,"Illustrative demo reference only; 92% of modal, not an observed offer",AGMARKNET / DMI official API,https://agmarknet.gov.in/home,35.259,Metric Tonnes,District resolved from active mandi directory; selected on highest reported arrival among chosen producing-belt states.,Farm 3,Meera Verma,180,kg,,,
